Rk,Year,Date,G#,Week,Age,Tm,Unnamed: 7_level_1,Opp,Result,GS,Tgt,Rec,Yds,Y/R,TD,Ctch%,Y/Tgt,Att,Yds,Y/A,TD,Rt,Yds,Y/Rt,TD,Ret,Yds,Y/R,TD,TD,Pts,Sk,Solo,Ast,Comb,TFL,QBHits,Fmb,FL,FF,FR,Yds,TD,Num,Pct,Num,Pct,Num,Pct,Status
1,2019,2019-09-08,1,1,22.286,NWE,,PIT,W 33-3,,0,0,0,,0,0.0%,,0,0,,0,0,0,,0,2,35,17.50,0,0,0,0.0,0,0,0,0,0,0,0,0,0,0,0,1,1%,0,0%,13,50%,
2,2019,2019-09-15,2,2,22.293,NWE,@,MIA,W 43-0,,0,0,0,,0,0.0%,,0,0,,0,0,0,,0,3,9,3.00,0,0,0,0.0,0,0,0,0,0,0,0,0,0,0,0,0,0%,0,0%,16,59%,
3,2019,2019-09-22,3,3,22.300,NWE,,NYJ,W 30-14,,0,0,0,,0,0.0%,,0,0,,0,0,0,,0,8,44,5.50,0,0,0,0.0,0,0,0,0,0,1,1,0,0,0,0,7,9%,0,0%,19,54%,
4,2019,2019-09-29,4,4,22.307,NWE,@,BUF,W 16-10,,0,0,0,,0,0.0%,,0,0,,0,0,0,,0,0,0,,0,0,0,0.0,0,0,0,0,0,0,0,0,0,0,0,0,0%,0,0%,6,21%,
5,2019,2019-10-06,5,5,22.314,NWE,@,WAS,W 33-7,,0,0,0,,0,0.0%,,0,0,,0,0,0,,0,3,49,16.33,0,0,0,0.0,0,0,0,0,0,0,0,0,0,0,0,6,8%,0,0%,17,53%,
6,2019,2019-10-10,6,6,22.318,NWE,,NYG,W 35-14,,3,2,34,17.00,0,66.7%,11.33,0,0,,0,0,0,,0,1,10,10.00,0,0,0,0.0,1,0,1,0,0,0,0,0,0,0,0,50,62%,0,0%,12,46%,
7,2019,2019-10-21,7,7,22.329,NWE,@,NYJ,W 33-0,,1,0,0,,0,0.0%,0.00,0,0,,0,0,0,,0,2,24,12.00,0,0,0,0.0,0,0,0,0,0,0,0,0,0,0,0,15,18%,0,0%,6,24%,
8,2019,2019-10-27,8,8,22.335,NWE,,CLE,W 27-13,,0,0,0,,0,0.0%,,0,0,,0,0,0,,0,1,8,8.00,0,0,0,0.0,0,0,0,0,0,0,0,0,0,0,0,0,0%,0,0%,6,19%,
9,2019,2019-11-03,,9,,NWE,@,BAL,L 20-37,Inactive,Inactive,Inactive,Inactive,Inactive,Inactive,Inactive,Inactive,Inactive,Inactive,Inactive,Inactive,Inactive,Inactive,Inactive,Inactive,Inactive,Inactive,Inactive,Inactive,Inactive,Inactive,Inactive,Inactive,Inactive,Inactive,Inactive,Inactive,Inactive,Inactive,Inactive,Inactive,Inactive,Inactive,Inactive,Inactive,Inactive,Inactive,Inactive,Inactive,Inactive
10,2019,2019-11-17,,11,,NWE,@,PHI,W 17-10,Inactive,Inactive,Inactive,Inactive,Inactive,Inactive,Inactive,Inactive,Inactive,Inactive,Inactive,Inactive,Inactive,Inactive,Inactive,Inactive,Inactive,Inactive,Inactive,Inactive,Inactive,Inactive,Inactive,Inactive,Inactive,Inactive,Inactive,Inactive,Inactive,Inactive,Inactive,Inactive,Inactive,Inactive,Inactive,Inactive,Inactive,Inactive,Inactive,Inactive,Inactive
11,2019,2019-11-24,,12,,NWE,,DAL,W 13-9,Injured Reserve,Injured Reserve,Injured Reserve,Injured Reserve,Injured Reserve,Injured Reserve,Injured Reserve,Injured Reserve,Injured Reserve,Injured Reserve,Injured Reserve,Injured Reserve,Injured Reserve,Injured Reserve,Injured Reserve,Injured Reserve,Injured Reserve,Injured Reserve,Injured Reserve,Injured Reserve,Injured Reserve,Injured Reserve,Injured Reserve,Injured Reserve,Injured Reserve,Injured Reserve,Injured Reserve,Injured Reserve,Injured Reserve,Injured Reserve,Injured Reserve,Injured Reserve,Injured Reserve,Injured Reserve,Injured Reserve,Injured Reserve,Injured Reserve,Injured Reserve,Injured Reserve,Injured Reserve,Injured Reserve
12,2019,2019-12-01,,13,,NWE,@,HOU,L 22-28,Injured Reserve,Injured Reserve,Injured Reserve,Injured Reserve,Injured Reserve,Injured Reserve,Injured Reserve,Injured Reserve,Injured Reserve,Injured Reserve,Injured Reserve,Injured Reserve,Injured Reserve,Injured Reserve,Injured Reserve,Injured Reserve,Injured Reserve,Injured Reserve,Injured Reserve,Injured Reserve,Injured Reserve,Injured Reserve,Injured Reserve,Injured Reserve,Injured Reserve,Injured Reserve,Injured Reserve,Injured Reserve,Injured Reserve,Injured Reserve,Injured Reserve,Injured Reserve,Injured Reserve,Injured Reserve,Injured Reserve,Injured Reserve,Injured Reserve,Injured Reserve,Injured Reserve,Injured Reserve,Injured Reserve
13,2019,2019-12-08,,14,,NWE,,KAN,L 16-23,Injured Reserve,Injured Reserve,Injured Reserve,Injured Reserve,Injured Reserve,Injured Reserve,Injured Reserve,Injured Reserve,Injured Reserve,Injured Reserve,Injured Reserve,Injured Reserve,Injured Reserve,Injured Reserve,Injured Reserve,Injured Reserve,Injured Reserve,Injured Reserve,Injured Reserve,Injured Reserve,Injured Reserve,Injured Reserve,Injured Reserve,Injured Reserve,Injured Reserve,Injured Reserve,Injured Reserve,Injured Reserve,Injured Reserve,Injured Reserve,Injured Reserve,Injured Reserve,Injured Reserve,Injured Reserve,Injured Reserve,Injured Reserve,Injured Reserve,Injured Reserve,Injured Reserve,Injured Reserve,Injured Reserve
14,2019,2019-12-15,,15,,NWE,@,CIN,W 34-13,Injured Reserve,Injured Reserve,Injured Reserve,Injured Reserve,Injured Reserve,Injured Reserve,Injured Reserve,Injured Reserve,Injured Reserve,Injured Reserve,Injured Reserve,Injured Reserve,Injured Reserve,Injured Reserve,Injured Reserve,Injured Reserve,Injured Reserve,Injured Reserve,Injured Reserve,Injured Reserve,Injured Reserve,Injured Reserve,Injured Reserve,Injured Reserve,Injured Reserve,Injured Reserve,Injured Reserve,Injured Reserve,Injured Reserve,Injured Reserve,Injured Reserve,Injured Reserve,Injured Reserve,Injured Reserve,Injured Reserve,Injured Reserve,Injured Reserve,Injured Reserve,Injured Reserve,Injured Reserve,Injured Reserve
15,2019,2019-12-21,,16,,NWE,,BUF,W 24-17,Injured Reserve,Injured Reserve,Injured Reserve,Injured Reserve,Injured Reserve,Injured Reserve,Injured Reserve,Injured Reserve,Injured Reserve,Injured Reserve,Injured Reserve,Injured Reserve,Injured Reserve,Injured Reserve,Injured Reserve,Injured Reserve,Injured Reserve,Injured Reserve,Injured Reserve,Injured Reserve,Injured Reserve,Injured Reserve,Injured Reserve,Injured Reserve,Injured Reserve,Injured Reserve,Injured Reserve,Injured Reserve,Injured Reserve,Injured Reserve,Injured Reserve,Injured Reserve,Injured Reserve,Injured Reserve,Injured Reserve,Injured Reserve,Injured Reserve,Injured Reserve,Injured Reserve,Injured Reserve,Injured Reserve
16,2019,2019-12-29,,17,,NWE,,MIA,L 24-27,Injured Reserve,Injured Reserve,Injured Reserve,Injured Reserve,Injured Reserve,Injured Reserve,Injured Reserve,Injured Reserve,Injured Reserve,Injured Reserve,Injured Reserve,Injured Reserve,Injured Reserve,Injured Reserve,Injured Reserve,Injured Reserve,Injured Reserve,Injured Reserve,Injured Reserve,Injured Reserve,Injured Reserve,Injured Reserve,Injured Reserve,Injured Reserve,Injured Reserve,Injured Reserve,Injured Reserve,Injured Reserve,Injured Reserve,Injured Reserve,Injured Reserve,Injured Reserve,Injured Reserve,Injured Reserve,Injured Reserve,Injured Reserve,Injured Reserve,Injured Reserve,Injured Reserve,Injured Reserve,Injured Reserve
17,2020,2020-09-13,1,1,,NWE,,MIA,W 21-11,Injured Reserve,Injured Reserve,Injured Reserve,Injured Reserve,Injured Reserve,Injured Reserve,Injured Reserve,Injured Reserve,Injured Reserve,Injured Reserve,Injured Reserve,Injured Reserve,Injured Reserve,Injured Reserve,Injured Reserve,Injured Reserve,Injured Reserve,Injured Reserve,Injured Reserve,Injured Reserve,Injured Reserve,Injured Reserve,Injured Reserve,Injured Reserve,Injured Reserve,Injured Reserve,Injured Reserve,Injured Reserve,Injured Reserve,Injured Reserve,Injured Reserve,Injured Reserve,Injured Reserve,Injured Reserve,Injured Reserve,Injured Reserve,Injured Reserve,Injured Reserve,Injured Reserve,Injured Reserve,Injured Reserve
18,2020,2020-09-20,2,2,,NWE,@,SEA,L 30-35,Injured Reserve,Injured Reserve,Injured Reserve,Injured Reserve,Injured Reserve,Injured Reserve,Injured Reserve,Injured Reserve,Injured Reserve,Injured Reserve,Injured Reserve,Injured Reserve,Injured Reserve,Injured Reserve,Injured Reserve,Injured Reserve,Injured Reserve,Injured Reserve,Injured Reserve,Injured Reserve,Injured Reserve,Injured Reserve,Injured Reserve,Injured Reserve,Injured Reserve,Injured Reserve,Injured Reserve,Injured Reserve,Injured Reserve,Injured Reserve,Injured Reserve,Injured Reserve,Injured Reserve,Injured Reserve,Injured Reserve,Injured Reserve,Injured Reserve,Injured Reserve,Injured Reserve,Injured Reserve,Injured Reserve
19,2020,2020-09-27,3,3,,NWE,,LVR,W 36-20,Injured Reserve,Injured Reserve,Injured Reserve,Injured Reserve,Injured Reserve,Injured Reserve,Injured Reserve,Injured Reserve,Injured Reserve,Injured Reserve,Injured Reserve,Injured Reserve,Injured Reserve,Injured Reserve,Injured Reserve,Injured Reserve,Injured Reserve,Injured Reserve,Injured Reserve,Injured Reserve,Injured Reserve,Injured Reserve,Injured Reserve,Injured Reserve,Injured Reserve,Injured Reserve,Injured Reserve,Injured Reserve,Injured Reserve,Injured Reserve,Injured Reserve,Injured Reserve,Injured Reserve,Injured Reserve,Injured Reserve,Injured Reserve,Injured Reserve,Injured Reserve,Injured Reserve,Injured Reserve,Injured Reserve
20,2020,2020-10-05,4,4,23.314,NWE,@,KAN,L 10-26,,1,1,11,11.00,0,100.0%,11.00,0,0,,0,0,0,,0,1,12,12.00,0,0,0,0.0,0,0,0,0,0,0,0,0,0,0,0,6,8%,0,0%,13,57%,
21,2020,2020-10-18,5,6,23.327,NWE,,DEN,L 12-18,,0,0,0,,0,0.0%,,0,0,,0,3,77,25.67,0,0,0,,0,0,0,0.0,0,0,0,0,0,0,0,0,0,0,0,0,0%,0,0%,13,54%,
22,2020,2020-10-25,6,7,23.334,NWE,,SFO,L 6-33,,0,0,0,,0,0.0%,,0,0,,0,6,155,25.83,0,0,0,,0,0,0,0.0,1,0,1,0,0,1,0,0,1,0,0,4,8%,0,0%,11,52%,
23,2020,2020-11-01,7,8,23.341,NWE,@,BUF,L 21-24,*,0,0,0,,0,0.0%,,1,6,6.00,0,3,53,17.67,0,1,15,15.00,0,0,0,0.0,0,0,0,0,0,0,0,0,0,0,0,42,65%,0,0%,13,52%,
24,2020,2020-11-09,8,9,23.349,NWE,@,NYJ,W 30-27,*,1,1,-1,-1.00,0,100.0%,-1.00,3,16,5.33,0,4,100,25.00,0,0,0,,0,0,0,0.0,0,0,0,0,0,0,0,0,0,0,0,35,43%,0,0%,12,44%,
25,2020,2020-11-15,9,10,23.355,NWE,,BAL,W 23-17,,0,0,0,,0,0.0%,,0,0,,0,0,0,,0,0,0,,0,0,0,0.0,0,0,0,0,0,0,0,0,0,0,0,0,0%,0,0%,12,52%,
26,2020,2020-11-22,10,11,23.362,NWE,@,HOU,L 20-27,,0,0,0,,0,0.0%,,0,0,,0,1,12,12.00,0,2,3,1.50,0,0,0,0.0,0,0,0,0,0,0,0,0,0,0,0,0,0%,0,0%,15,56%,
27,2020,2020-11-29,11,12,24.003,NWE,,ARI,W 20-17,,0,0,0,,0,0.0%,,1,1,1.00,0,0,0,,0,2,67,33.50,0,0,0,0.0,0,0,0,0,0,0,0,0,0,0,0,1,2%,0,0%,11,50%,
28,2020,2020-12-06,12,13,24.010,NWE,@,LAC,W 45-0,,1,1,38,38.00,1,100.0%,38.00,0,0,,0,0,0,,0,3,145,48.33,1,2,12,0.0,0,1,1,0,0,0,0,0,0,0,0,6,9%,0,0%,13,48%,
29,2020,2020-12-10,13,14,24.014,NWE,@,LAR,L 3-24,,0,0,0,,0,0.0%,,0,0,,0,0,0,,0,5,47,9.40,0,0,0,0.0,0,0,0,0,0,0,0,0,0,0,0,0,0%,0,0%,13,54%,
30,2020,2020-12-20,14,15,24.024,NWE,@,MIA,L 12-22,,0,0,0,,0,0.0%,,0,0,,0,0,0,,0,2,16,8.00,0,0,0,0.0,0,0,0,0,0,0,0,0,0,0,0,1,2%,0,0%,13,59%,
31,2020,2020-12-28,15,16,24.032,NWE,,BUF,L 9-38,,0,0,0,,0,0.0%,,0,0,,0,0,0,,0,1,5,5.00,0,0,0,0.0,0,0,0,0,0,0,0,0,0,0,0,0,0%,0,0%,13,46%,
32,2020,2021-01-03,16,17,24.038,NWE,,NYJ,W 28-14,,2,2,14,7.00,0,100.0%,7.00,0,0,,0,1,21,21.00,0,3,36,12.00,0,0,0,0.0,0,0,0,0,0,0,0,0,0,0,0,13,20%,0,0%,13,50%,
33,2021,2021-09-12,1,1,24.290,NWE,,MIA,L 16-17,,0,0,0,,0,0.0%,,0,0,,0,1,17,17.00,0,3,20,6.67,0,0,0,0.0,0,0,0,0,0,0,0,0,0,0,0,11,15%,0,0%,12,57%,
34,2021,2021-09-19,2,2,24.297,NWE,@,NYJ,W 25-6,,0,0,0,,0,0.0%,,0,0,,0,0,0,,0,0,0,,0,0,0,0.0,0,0,0,0,0,0,0,0,0,0,0,5,8%,0,0%,11,44%,
35,2021,2021-09-26,3,3,24.304,NWE,,NOR,L 13-28,,0,0,0,,0,0.0%,,0,0,,0,0,0,,0,3,30,10.00,0,0,0,0.0,0,0,0,0,0,0,0,0,0,0,0,16,22%,0,0%,14,48%,
36,2021,2021-10-03,4,4,24.311,NWE,,TAM,L 17-19,,0,0,0,,0,0.0%,,0,0,,0,0,0,,0,2,17,8.50,0,0,0,0.0,0,0,0,0,0,0,0,0,0,0,0,0,0%,0,0%,14,48%,
37,2021,2021-10-10,5,5,24.318,NWE,@,HOU,W 25-22,,0,0,0,,0,0.0%,,0,0,,0,3,65,21.67,0,1,13,13.00,0,0,0,0.0,0,0,0,0,0,0,0,0,0,0,0,0,0%,0,0%,15,56%,
38,2021,2021-10-17,6,6,24.325,NWE,,DAL,L 29-35,,0,0,0,,0,0.0%,,0,0,,0,2,47,23.50,0,1,23,23.00,0,0,0,0.0,0,1,1,0,0,0,0,0,0,0,0,1,2%,0,0%,14,50%,
39,2021,2021-10-24,7,7,24.332,NWE,,NYJ,W 54-13,,1,1,22,22.00,0,100.0%,22.00,0,0,,0,2,57,28.50,0,2,30,15.00,0,0,0,0.0,0,0,0,0,0,0,0,0,0,0,0,9,12%,0,0%,15,56%,
40,2021,2021-10-31,8,8,24.339,NWE,@,LAC,W 27-24,,0,0,0,,0,0.0%,,0,0,,0,1,26,26.00,0,4,80,20.00,0,0,0,0.0,0,0,0,0,0,0,0,0,0,0,0,0,0%,0,0%,18,60%,
41,2021,2021-11-07,9,9,24.346,NWE,@,CAR,W 24-6,,0,0,0,,0,0.0%,,0,0,,0,1,30,30.00,0,2,35,17.50,0,0,0,0.0,0,0,0,0,0,1,0,0,1,0,0,1,2%,0,0%,4,18%,
42,2021,2021-11-14,10,10,,NWE,,CLE,W 45-7,Inactive,Inactive,Inactive,Inactive,Inactive,Inactive,Inactive,Inactive,Inactive,Inactive,Inactive,Inactive,Inactive,Inactive,Inactive,Inactive,Inactive,Inactive,Inactive,Inactive,Inactive,Inactive,Inactive,Inactive,Inactive,Inactive,Inactive,Inactive,Inactive,Inactive,Inactive,Inactive,Inactive,Inactive,Inactive,Inactive,Inactive,Inactive,Inactive,Inactive,Inactive
43,2021,2021-11-18,11,11,24.357,NWE,@,ATL,W 25-0,,0,0,0,,0,0.0%,,0,0,,0,0,0,,0,3,17,5.67,0,0,0,0.0,1,1,2,0,0,0,0,0,0,0,0,0,0%,0,0%,12,50%,
44,2021,2021-11-28,12,12,25.002,NWE,,TEN,W 36-13,,0,0,0,,0,0.0%,,0,0,,0,3,84,28.00,0,2,23,11.50,0,0,0,0.0,0,0,0,0,0,0,0,0,0,0,0,0,0%,0,0%,15,54%,
45,2021,2021-12-06,13,13,25.010,NWE,@,BUF,W 14-10,,0,0,0,,0,0.0%,,0,0,,0,0,0,,0,0,0,,0,0,0,0.0,0,0,0,0,0,0,0,0,0,0,0,0,0%,0,0%,12,52%,
46,2021,2021-12-18,14,15,25.022,NWE,@,IND,L 17-27,,1,0,0,,0,0.0%,0.00,0,0,,0,1,20,20.00,0,1,1,1.00,0,0,0,0.0,1,0,1,0,0,1,0,0,0,0,0,3,4%,0,0%,12,48%,
47,2021,2021-12-26,15,16,25.030,NWE,,BUF,L 21-33,,0,0,0,,0,0.0%,,1,9,9.00,0,2,19,9.50,0,0,0,,0,0,0,0.0,0,0,0,0,0,0,0,0,0,0,0,4,6%,0,0%,11,50%,
48,2021,2022-01-02,16,17,25.037,NWE,,JAX,W 50-10,,1,1,9,9.00,0,100.0%,9.00,0,0,,0,1,27,27.00,0,0,0,,0,0,0,0.0,1,2,3,0,0,1,0,0,1,0,0,14,19%,0,0%,16,59%,
49,2021,2022-01-09,17,18,25.044,NWE,@,MIA,L 24-33,,0,0,0,,0,0.0%,,0,0,,0,1,24,24.00,0,2,20,10.00,0,0,0,0.0,0,0,0,0,0,0,0,0,0,0,0,2,3%,0,0%,17,59%,
50,2022,2022-09-11,1,1,25.289,PIT,@,CIN,W 23-20,,0,0,0,,0,0.0%,,0,0,,0,1,1,1.00,0,1,20,20.00,0,0,0,0.0,0,0,0,0,0,0,0,0,0,0,0,9,14%,0,0%,9,28%,
51,2022,2022-09-18,2,2,25.296,PIT,,NWE,L 14-17,,0,0,0,,0,0.0%,,1,18,18.00,0,0,0,,0,1,0,0.00,0,0,0,0.0,0,0,0,0,0,1,1,0,0,0,0,8,14%,0,0%,8,37%,
52,2022,2022-09-22,3,3,25.300,PIT,@,CLE,L 17-29,,0,0,0,,0,0.0%,,0,0,,0,1,18,18.00,0,0,0,,0,0,0,0.0,0,0,0,0,0,0,0,0,0,0,0,3,5%,0,0%,10,36%,
53,2022,2022-10-02,4,4,25.310,PIT,,NYJ,L 20-24,,0,0,0,,0,0.0%,,1,0,0.00,0,0,0,,0,3,16,5.33,0,0,0,0.0,0,0,0,0,0,1,0,0,0,0,0,9,14%,0,0%,10,39%,
54,2022,2022-10-09,5,5,,PIT,@,BUF,L 3-38,Inactive,Inactive,Inactive,Inactive,Inactive,Inactive,Inactive,Inactive,Inactive,Inactive,Inactive,Inactive,Inactive,Inactive,Inactive,Inactive,Inactive,Inactive,Inactive,Inactive,Inactive,Inactive,Inactive,Inactive,Inactive,Inactive,Inactive,Inactive,Inactive,Inactive,Inactive,Inactive,Inactive,Inactive,Inactive,Inactive,Inactive,Inactive,Inactive,Inactive,Inactive
55,2022,2022-10-16,6,6,25.324,PIT,,TAM,W 20-18,,0,0,0,,0,0.0%,,0,0,,0,0,0,,0,0,0,,0,0,0,0.0,1,0,1,0,0,0,0,0,0,0,0,0,0%,0,0%,9,32%,
56,2022,2022-10-23,7,7,25.331,PIT,@,MIA,L 10-16,,0,0,0,,0,0.0%,,0,0,,0,1,27,27.00,0,3,19,6.33,0,0,0,0.0,0,0,0,0,0,0,0,0,0,0,0,10,13%,0,0%,11,42%,
57,2022,2022-10-30,8,8,25.338,PIT,@,PHI,L 13-35,,0,0,0,,0,0.0%,,0,0,,0,0,0,,0,0,0,,0,0,0,0.0,0,1,1,0,0,0,0,0,0,0,0,0,0%,0,0%,9,33%,
58,2022,2022-11-13,9,10,25.352,PIT,,NOR,W 20-10,,1,1,4,4.00,0,100.0%,4.00,0,0,,0,0,0,,0,0,0,,0,0,0,0.0,0,0,0,0,0,0,0,0,0,0,0,22,26%,0,0%,4,17%,
59,2022,2022-11-20,10,11,25.359,PIT,,CIN,L 30-37,,3,2,39,19.50,0,66.7%,13.00,0,0,,0,0,0,,0,0,0,,0,0,0,0.0,0,0,0,0,0,0,0,0,0,0,0,31,42%,0,0%,15,42%,
60,2022,2022-11-28,11,12,26.002,PIT,@,IND,W 24-17,*,0,0,0,,0,0.0%,,1,9,9.00,0,0,0,,0,0,0,,0,0,0,0.0,0,0,0,0,0,0,0,0,0,0,0,21,30%,0,0%,7,27%,
61,2022,2022-12-04,12,13,26.008,PIT,@,ATL,W 19-16,,0,0,0,,0,0.0%,,2,2,1.00,0,0,0,,0,0,0,,0,0,0,0.0,0,0,0,0,0,0,0,0,0,0,0,18,28%,0,0%,3,12%,
62,2022,2022-12-11,13,14,26.015,PIT,,BAL,L 14-16,,2,1,7,7.00,0,50.0%,3.50,0,0,,0,0,0,,0,0,0,,0,0,0,0.0,0,0,0,0,0,0,0,0,0,0,0,20,36%,0,0%,0,0%,
63,2022,2022-12-18,14,15,26.022,PIT,@,CAR,W 24-16,*,1,1,3,3.00,0,100.0%,3.00,0,0,,0,0,0,,0,0,0,,0,0,0,0.0,0,0,0,0,0,0,0,0,0,0,0,19,28%,0,0%,0,0%,
64,2022,2022-12-24,15,16,26.028,PIT,,LVR,W 13-10,,,,,,,0.0%,,,,,,,,,,,,,,0,0,,,,,,,,,,,,,8,12%,0,0%,1,5%,
65,2022,2023-01-01,16,17,26.036,PIT,@,BAL,W 16-13,,0,0,0,,0,0.0%,,1,6,6.00,0,0,0,,0,0,0,,0,0,0,0.0,0,0,0,0,0,0,0,0,0,0,0,25,36%,0,0%,9,39%,
66,2022,2023-01-08,17,18,26.043,PIT,,CLE,W 28-14,,0,0,0,,0,0.0%,,2,4,2.00,0,0,0,,0,0,0,,0,0,0,0.0,0,0,0,0,0,0,0,0,0,0,0,13,18%,0,0%,1,5%,
67,2023,2023-09-10,1,1,,PIT,,SFO,L 7-30,Inactive,Inactive,Inactive,Inactive,Inactive,Inactive,Inactive,Inactive,Inactive,Inactive,Inactive,Inactive,Inactive,Inactive,Inactive,Inactive,Inactive,Inactive,Inactive,Inactive,Inactive,Inactive,Inactive,Inactive,Inactive,Inactive,Inactive,Inactive,Inactive,Inactive,Inactive,Inactive,Inactive,Inactive,Inactive,Inactive,Inactive,Inactive,Inactive,Inactive,Inactive
68,2023,2023-09-18,2,2,26.296,PIT,,CLE,W 26-22,,1,1,0,0.00,0,100.0%,0.00,0,0,,0,1,0,0.00,0,0,0,,0,0,0,0.0,0,0,0,0,0,1,1,0,0,0,0,1,2%,0,0%,1,3%,
69,2023,2023-09-24,3,3,,PIT,@,LVR,W 23-18,Inactive,Inactive,Inactive,Inactive,Inactive,Inactive,Inactive,Inactive,Inactive,Inactive,Inactive,Inactive,Inactive,Inactive,Inactive,Inactive,Inactive,Inactive,Inactive,Inactive,Inactive,Inactive,Inactive,Inactive,Inactive,Inactive,Inactive,Inactive,Inactive,Inactive,Inactive,Inactive,Inactive,Inactive,Inactive,Inactive,Inactive,Inactive,Inactive,Inactive,Inactive
70,2023,2023-10-01,4,4,,PIT,@,HOU,L 6-30,Inactive,Inactive,Inactive,Inactive,Inactive,Inactive,Inactive,Inactive,Inactive,Inactive,Inactive,Inactive,Inactive,Inactive,Inactive,Inactive,Inactive,Inactive,Inactive,Inactive,Inactive,Inactive,Inactive,Inactive,Inactive,Inactive,Inactive,Inactive,Inactive,Inactive,Inactive,Inactive,Inactive,Inactive,Inactive,Inactive,Inactive,Inactive,Inactive,Inactive,Inactive
71,2023,2023-10-08,5,5,26.316,PIT,,BAL,W 17-10,,0,0,0,,0,0.0%,,0,0,,0,1,24,24.00,0,1,8,8.00,0,0,0,0.0,0,0,0,0,0,1,1,0,0,0,0,4,6%,0,0%,7,28%,
72,2023,2023-10-29,8,8,26.337,NYG,,NYJ,L 10-13,,0,0,0,,0,0.0%,,0,0,,0,0,0,,0,6,56,9.33,0,0,0,0.0,0,0,0,0,0,1,0,0,0,0,0,0,0%,0,0%,11,30%,
73,2023,2023-11-05,9,9,26.344,NYG,@,LVR,L 6-30,,0,0,0,,0,0.0%,,0,0,,0,0,0,,0,3,33,11.00,0,0,0,0.0,0,0,0,0,0,0,0,0,0,0,0,0,0%,0,0%,5,21%,
74,2023,2023-11-12,10,10,26.351,NYG,@,DAL,L 17-49,,0,0,0,,0,0.0%,,0,0,,0,0,0,,0,0,0,,0,0,0,0.0,1,0,1,0,0,0,0,0,0,0,0,0,0%,0,0%,4,13%,
75,2023,2023-11-19,11,11,26.358,NYG,@,WAS,W 31-19,,0,0,0,,0,0.0%,,0,0,,0,0,0,,0,2,16,8.00,0,0,0,0.0,0,0,0,0,0,0,0,0,0,0,0,0,0%,0,0%,4,14%,
76,2023,2023-11-26,12,12,27.000,NYG,,NWE,W 10-7,,0,0,0,,0,0.0%,,0,0,,0,0,0,,0,1,6,6.00,0,0,0,0.0,0,0,0,0,0,0,0,0,0,0,0,0,0%,0,0%,6,26%,
77,2023,2023-12-11,13,14,27.015,NYG,,GNB,W 24-22,,0,0,0,,0,0.0%,,0,0,,0,0,0,,0,0,0,,0,0,0,0.0,0,0,0,0,0,0,0,0,0,0,0,0,0%,0,0%,9,33%,
78,2023,2023-12-17,14,15,27.021,NYG,@,NOR,L 6-24,,0,0,0,,0,0.0%,,0,0,,0,0,0,,0,2,15,7.50,0,0,0,0.0,0,0,0,0,0,0,0,0,0,0,0,2,3%,0,0%,10,43%,
79,2023,2023-12-25,15,16,27.029,NYG,@,PHI,L 25-33,,0,0,0,,0,0.0%,,0,0,,0,0,0,,0,2,10,5.00,0,0,0,0.0,0,0,0,0,0,1,0,0,1,0,0,3,5%,0,0%,9,31%,
80,2023,2023-12-31,16,17,27.035,NYG,,LAR,L 25-26,,0,0,0,,0,0.0%,,0,0,,0,0,0,,0,4,108,27.00,1,1,6,0.0,0,0,0,0,0,0,0,0,0,0,0,2,3%,0,0%,10,33%,
81,2023,2024-01-07,17,18,27.042,NYG,,PHI,W 27-10,,0,0,0,,0,0.0%,,0,0,,0,0,0,,0,3,29,9.67,0,0,0,0.0,0,0,0,0,0,0,0,0,0,0,0,1,1%,0,0%,8,31%,
82,2024,2024-09-08,1,1,,NYG,,MIN,L 6-28,Did Not Play,Did Not Play,Did Not Play,Did Not Play,Did Not Play,Did Not Play,Did Not Play,Did Not Play,Did Not Play,Did Not Play,Did Not Play,Did Not Play,Did Not Play,Did Not Play,Did Not Play,Did Not Play,Did Not Play,Did Not Play,Did Not Play,Did Not Play,Did Not Play,Did Not Play,Did Not Play,Did Not Play,Did Not Play,Did Not Play,Did Not Play,Did Not Play,Did Not Play,Did Not Play,Did Not Play,Did Not Play,Did Not Play,Did Not Play,Did Not Play,Did Not Play,Did Not Play,Did Not Play,Did Not Play,Did Not Play,Did Not Play
83,2024,2024-09-15,2,2,,NYG,@,WAS,L 18-21,Did Not Play,Did Not Play,Did Not Play,Did Not Play,Did Not Play,Did Not Play,Did Not Play,Did Not Play,Did Not Play,Did Not Play,Did Not Play,Did Not Play,Did Not Play,Did Not Play,Did Not Play,Did Not Play,Did Not Play,Did Not Play,Did Not Play,Did Not Play,Did Not Play,Did Not Play,Did Not Play,Did Not Play,Did Not Play,Did Not Play,Did Not Play,Did Not Play,Did Not Play,Did Not Play,Did Not Play,Did Not Play,Did Not Play,Did Not Play,Did Not Play,Did Not Play,Did Not Play,Did Not Play,Did Not Play,Did Not Play,Did Not Play
84,2024,2024-09-22,3,3,,NYG,@,CLE,W 21-15,Did Not Play,Did Not Play,Did Not Play,Did Not Play,Did Not Play,Did Not Play,Did Not Play,Did Not Play,Did Not Play,Did Not Play,Did Not Play,Did Not Play,Did Not Play,Did Not Play,Did Not Play,Did Not Play,Did Not Play,Did Not Play,Did Not Play,Did Not Play,Did Not Play,Did Not Play,Did Not Play,Did Not Play,Did Not Play,Did Not Play,Did Not Play,Did Not Play,Did Not Play,Did Not Play,Did Not Play,Did Not Play,Did Not Play,Did Not Play,Did Not Play,Did Not Play,Did Not Play,Did Not Play,Did Not Play,Did Not Play,Did Not Play
85,2024,2024-09-26,4,4,,NYG,,DAL,L 15-20,Did Not Play,Did Not Play,Did Not Play,Did Not Play,Did Not Play,Did Not Play,Did Not Play,Did Not Play,Did Not Play,Did Not Play,Did Not Play,Did Not Play,Did Not Play,Did Not Play,Did Not Play,Did Not Play,Did Not Play,Did Not Play,Did Not Play,Did Not Play,Did Not Play,Did Not Play,Did Not Play,Did Not Play,Did Not Play,Did Not Play,Did Not Play,Did Not Play,Did Not Play,Did Not Play,Did Not Play,Did Not Play,Did Not Play,Did Not Play,Did Not Play,Did Not Play,Did Not Play,Did Not Play,Did Not Play,Did Not Play,Did Not Play
86,2024,2024-10-06,5,5,,NYG,@,SEA,W 29-20,Did Not Play,Did Not Play,Did Not Play,Did Not Play,Did Not Play,Did Not Play,Did Not Play,Did Not Play,Did Not Play,Did Not Play,Did Not Play,Did Not Play,Did Not Play,Did Not Play,Did Not Play,Did Not Play,Did Not Play,Did Not Play,Did Not Play,Did Not Play,Did Not Play,Did Not Play,Did Not Play,Did Not Play,Did Not Play,Did Not Play,Did Not Play,Did Not Play,Did Not Play,Did Not Play,Did Not Play,Did Not Play,Did Not Play,Did Not Play,Did Not Play,Did Not Play,Did Not Play,Did Not Play,Did Not Play,Did Not Play,Did Not Play
87,2024,2024-10-13,6,6,,NYG,,CIN,L 7-17,Did Not Play,Did Not Play,Did Not Play,Did Not Play,Did Not Play,Did Not Play,Did Not Play,Did Not Play,Did Not Play,Did Not Play,Did Not Play,Did Not Play,Did Not Play,Did Not Play,Did Not Play,Did Not Play,Did Not Play,Did Not Play,Did Not Play,Did Not Play,Did Not Play,Did Not Play,Did Not Play,Did Not Play,Did Not Play,Did Not Play,Did Not Play,Did Not Play,Did Not Play,Did Not Play,Did Not Play,Did Not Play,Did Not Play,Did Not Play,Did Not Play,Did Not Play,Did Not Play,Did Not Play,Did Not Play,Did Not Play,Did Not Play
88,2024,2024-10-20,7,7,,NYG,,PHI,L 3-28,Did Not Play,Did Not Play,Did Not Play,Did Not Play,Did Not Play,Did Not Play,Did Not Play,Did Not Play,Did Not Play,Did Not Play,Did Not Play,Did Not Play,Did Not Play,Did Not Play,Did Not Play,Did Not Play,Did Not Play,Did Not Play,Did Not Play,Did Not Play,Did Not Play,Did Not Play,Did Not Play,Did Not Play,Did Not Play,Did Not Play,Did Not Play,Did Not Play,Did Not Play,Did Not Play,Did Not Play,Did Not Play,Did Not Play,Did Not Play,Did Not Play,Did Not Play,Did Not Play,Did Not Play,Did Not Play,Did Not Play,Did Not Play
89,2024,2024-10-28,8,8,,NYG,@,PIT,L 18-26,Did Not Play,Did Not Play,Did Not Play,Did Not Play,Did Not Play,Did Not Play,Did Not Play,Did Not Play,Did Not Play,Did Not Play,Did Not Play,Did Not Play,Did Not Play,Did Not Play,Did Not Play,Did Not Play,Did Not Play,Did Not Play,Did Not Play,Did Not Play,Did Not Play,Did Not Play,Did Not Play,Did Not Play,Did Not Play,Did Not Play,Did Not Play,Did Not Play,Did Not Play,Did Not Play,Did Not Play,Did Not Play,Did Not Play,Did Not Play,Did Not Play,Did Not Play,Did Not Play,Did Not Play,Did Not Play,Did Not Play,Did Not Play
90,2024,2024-11-03,9,9,,NYG,,WAS,L 22-27,Did Not Play,Did Not Play,Did Not Play,Did Not Play,Did Not Play,Did Not Play,Did Not Play,Did Not Play,Did Not Play,Did Not Play,Did Not Play,Did Not Play,Did Not Play,Did Not Play,Did Not Play,Did Not Play,Did Not Play,Did Not Play,Did Not Play,Did Not Play,Did Not Play,Did Not Play,Did Not Play,Did Not Play,Did Not Play,Did Not Play,Did Not Play,Did Not Play,Did Not Play,Did Not Play,Did Not Play,Did Not Play,Did Not Play,Did Not Play,Did Not Play,Did Not Play,Did Not Play,Did Not Play,Did Not Play,Did Not Play,Did Not Play
91,2024,2024-11-10,10,10,,NYG,@,CAR,L 17-20,Did Not Play,Did Not Play,Did Not Play,Did Not Play,Did Not Play,Did Not Play,Did Not Play,Did Not Play,Did Not Play,Did Not Play,Did Not Play,Did Not Play,Did Not Play,Did Not Play,Did Not Play,Did Not Play,Did Not Play,Did Not Play,Did Not Play,Did Not Play,Did Not Play,Did Not Play,Did Not Play,Did Not Play,Did Not Play,Did Not Play,Did Not Play,Did Not Play,Did Not Play,Did Not Play,Did Not Play,Did Not Play,Did Not Play,Did Not Play,Did Not Play,Did Not Play,Did Not Play,Did Not Play,Did Not Play,Did Not Play,Did Not Play
92,2024,2024-11-24,11,12,,NYG,,TAM,L 7-30,Did Not Play,Did Not Play,Did Not Play,Did Not Play,Did Not Play,Did Not Play,Did Not Play,Did Not Play,Did Not Play,Did Not Play,Did Not Play,Did Not Play,Did Not Play,Did Not Play,Did Not Play,Did Not Play,Did Not Play,Did Not Play,Did Not Play,Did Not Play,Did Not Play,Did Not Play,Did Not Play,Did Not Play,Did Not Play,Did Not Play,Did Not Play,Did Not Play,Did Not Play,Did Not Play,Did Not Play,Did Not Play,Did Not Play,Did Not Play,Did Not Play,Did Not Play,Did Not Play,Did Not Play,Did Not Play,Did Not Play,Did Not Play
