Rk,Year,Date,G#,Week,Age,Tm,Unnamed: 7_level_1,Opp,Result,GS,Att,Yds,Y/A,TD,Tgt,Rec,Yds,Y/R,TD,Ctch%,Y/Tgt,Cmp,Att,Cmp%,Yds,TD,Int,Rate,Sk,Yds.1,Y/A,AY/A,Rt,Yds,Y/Rt,TD,Ret,Yds,Y/R,TD,2PM,TD,Pts,Sk,Solo,Ast,Comb,TFL,QBHits,Fmb,FL,FF,FR,Yds,TD,Num,Pct,Num,Pct,Num,Pct,Status
1,2017,2017-09-10,1,1,21.095,CAR,@,SFO,W 23-3,*,13,47,3.62,0,7,5,38,7.60,0,71.4%,5.43,0,0,,0,0,0,,0,0,,,0,0,,0,3,7,2.33,0,,0,0,0.0,0,0,0,,,1,1,0,0,0,0,47,70%,0,0%,4,20%,
2,2017,2017-09-17,2,2,21.102,CAR,,BUF,W 9-3,,8,10,1.25,0,5,4,34,8.50,0,80.0%,6.80,0,0,,0,0,0,,0,0,,,0,0,,0,5,30,6.00,0,,0,0,0.0,0,0,0,,,0,0,0,0,0,0,44,64%,0,0%,6,27%,
3,2017,2017-09-24,3,3,21.109,CAR,,NOR,L 13-34,*,4,16,4.00,0,11,9,101,11.22,0,81.8%,9.18,0,0,,0,0,0,,0,0,,,0,0,,0,1,3,3.00,0,,0,0,0.0,0,0,0,,,0,0,0,0,0,0,41,69%,0,0%,2,8%,
4,2017,2017-10-01,4,4,21.116,CAR,@,NWE,W 33-30,,6,16,2.67,0,6,4,33,8.25,0,66.7%,5.50,0,0,,0,0,0,,0,0,,,3,58,19.33,0,2,25,12.50,0,,0,0,0.0,0,0,0,,,0,0,0,0,0,0,48,76%,0,0%,7,25%,
5,2017,2017-10-08,5,5,21.123,CAR,@,DET,W 27-24,*,3,7,2.33,0,7,5,31,6.20,1,71.4%,4.43,0,0,,0,0,0,,0,0,,,0,0,,0,1,13,13.00,0,,1,6,0.0,0,0,0,,,0,0,0,0,0,0,37,56%,0,0%,7,22%,
6,2017,2017-10-12,6,6,21.127,CAR,,PHI,L 23-28,,4,8,2.00,0,14,10,56,5.60,1,71.4%,4.00,0,0,,0,0,0,,0,0,,,0,0,,0,3,35,11.67,0,,1,6,0.0,0,0,0,0,0,1,0,0,1,0,0,61,74%,0,0%,7,22%,
7,2017,2017-10-22,7,7,21.137,CAR,@,CHI,L 3-17,*,7,10,1.43,0,9,7,36,5.14,0,77.8%,4.00,0,0,,0,0,0,,0,0,,,0,0,,0,3,17,5.67,0,,0,0,0.0,0,0,0,0,0,0,0,0,0,0,0,53,74%,0,0%,6,27%,
8,2017,2017-10-29,8,8,21.144,CAR,@,TAM,W 17-3,,4,3,0.75,0,7,5,49,9.80,0,71.4%,7.00,0,0,,0,0,0,,0,0,,,0,0,,0,0,0,,0,,0,0,0.0,0,0,0,0,0,0,0,0,0,0,0,38,58%,0,0%,0,0%,
9,2017,2017-11-05,9,9,21.151,CAR,,ATL,W 20-17,*,15,66,4.40,1,6,5,28,5.60,0,83.3%,4.67,0,0,,0,0,0,,0,0,,,0,0,,0,0,0,,0,,1,6,0.0,0,0,0,,,0,0,0,0,0,0,53,82%,0,0%,1,4%,
10,2017,2017-11-13,10,10,21.159,CAR,,MIA,W 45-21,*,5,23,4.60,1,7,3,27,9.00,1,42.9%,3.86,0,0,,0,0,0,,0,0,,,0,0,,0,2,10,5.00,0,,2,12,0.0,0,0,0,,,0,0,0,0,0,0,42,58%,0,0%,2,7%,
11,2017,2017-11-26,11,12,21.172,CAR,@,NYJ,W 35-27,,7,62,8.86,0,5,2,35,17.50,0,40.0%,7.00,0,0,,0,0,0,,0,0,,,0,0,,0,2,22,11.00,0,,0,0,0.0,0,0,0,,,0,0,0,0,0,0,49,69%,0,0%,3,8%,
12,2017,2017-12-03,12,13,21.179,CAR,@,NOR,L 21-31,,6,16,2.67,0,6,5,33,6.60,1,83.3%,5.50,0,0,,0,0,0,,0,0,,,0,0,,0,0,0,,0,,1,6,0.0,0,0,0,,,0,0,0,0,0,0,40,70%,0,0%,0,0%,
13,2017,2017-12-10,13,14,21.186,CAR,,MIN,W 31-24,*,8,35,4.38,0,4,3,18,6.00,0,75.0%,4.50,0,0,,0,0,0,,0,0,,,0,0,,0,0,0,,0,,0,0,0.0,0,0,0,,,0,0,0,0,0,0,43,67%,0,0%,1,3%,
14,2017,2017-12-17,14,15,21.193,CAR,,GNB,W 31-24,*,12,63,5.25,0,7,6,73,12.17,1,85.7%,10.43,0,0,,0,0,0,,0,0,,,0,0,,0,0,0,,0,,1,6,0.0,0,0,0,,,0,0,0,0,0,0,49,69%,0,0%,1,4%,
15,2017,2017-12-24,15,16,21.200,CAR,,TAM,W 22-19,*,9,39,4.33,0,4,2,19,9.50,0,50.0%,4.75,0,0,,0,0,0,,0,0,,,0,0,,0,0,0,,0,,0,0,0.0,0,0,0,0,0,0,0,0,0,0,0,49,80%,0,0%,1,4%,
16,2017,2017-12-31,16,17,21.207,CAR,@,ATL,L 10-22,*,6,14,2.33,0,8,5,40,8.00,0,62.5%,5.00,0,0,,0,0,0,,0,0,,,0,0,,0,0,0,,0,,0,0,0.0,0,0,0,,,0,0,0,0,0,0,52,85%,0,0%,0,0%,
17,2018,2018-09-09,1,1,22.094,CAR,,DAL,W 16-8,*,10,50,5.00,0,9,6,45,7.50,0,66.7%,5.00,0,0,,0,0,0,,0,0,,,0,0,,0,0,0,,0,,0,0,0.0,0,0,0,,,1,1,0,0,0,0,57,85%,0,0%,0,0%,
18,2018,2018-09-16,2,2,22.101,CAR,@,ATL,L 24-31,*,8,37,4.63,0,15,14,102,7.29,0,93.3%,6.80,0,0,,0,0,0,,0,0,,,0,0,,0,0,0,,0,,0,0,0.0,0,0,0,,,0,0,0,0,0,0,63,94%,0,0%,0,0%,
19,2018,2018-09-23,3,3,22.108,CAR,,CIN,W 31-21,*,28,184,6.57,0,2,2,10,5.00,0,100.0%,5.00,0,0,,0,0,0,,0,0,,,0,0,,0,0,0,,0,,0,0,0.0,0,0,0,,,0,0,0,0,0,0,67,100%,0,0%,0,0%,
20,2018,2018-10-07,4,5,22.122,CAR,,NYG,W 33-31,*,17,58,3.41,0,6,5,35,7.00,1,83.3%,5.83,0,0,,0,0,0,,0,0,,,0,0,,0,0,0,,0,,1,6,0.0,0,0,0,,,0,0,0,0,0,0,69,97%,0,0%,0,0%,
21,2018,2018-10-14,5,6,22.129,CAR,@,WAS,L 17-23,*,8,20,2.50,0,8,7,46,6.57,0,87.5%,5.75,0,0,,0,0,0,,0,0,,,0,0,,0,0,0,,0,,0,0,0.0,0,0,0,0,0,0,0,0,0,0,0,60,100%,0,0%,0,0%,
22,2018,2018-10-21,6,7,22.136,CAR,@,PHI,W 21-17,*,7,29,4.14,0,6,6,51,8.50,0,100.0%,8.50,0,0,,0,0,0,,0,0,,,0,0,,0,0,0,,0,,0,0,0.0,0,0,0,,,0,0,0,0,0,0,59,100%,0,0%,0,0%,
23,2018,2018-10-28,7,8,22.143,CAR,,BAL,W 36-21,*,14,45,3.21,1,6,4,11,2.75,1,66.7%,1.83,0,0,,0,0,0,,0,0,,,0,0,,0,0,0,,0,,2,12,0.0,0,0,0,,,0,0,0,0,0,0,64,98%,0,0%,0,0%,
24,2018,2018-11-04,8,9,22.150,CAR,,TAM,W 42-28,*,17,79,4.65,2,6,5,78,15.60,0,83.3%,13.00,0,0,,0,0,0,,0,0,,,0,0,,0,0,0,,0,,2,12,0.0,0,0,0,,,0,0,0,0,0,0,61,98%,0,0%,0,0%,
25,2018,2018-11-08,9,10,22.154,CAR,@,PIT,L 21-52,*,14,77,5.50,1,5,5,61,12.20,2,100.0%,12.20,0,0,,0,0,0,,0,0,,,0,0,,0,0,0,,0,,3,18,0.0,0,0,0,0,0,0,0,0,1,0,0,54,95%,0,0%,0,0%,
26,2018,2018-11-18,10,11,22.164,CAR,@,DET,L 19-20,*,13,53,4.08,0,8,6,57,9.50,0,75.0%,7.13,0,0,,0,0,0,,0,0,,,0,0,,0,0,0,,0,,0,0,0.0,0,0,0,,,0,0,0,0,0,0,58,100%,0,0%,0,0%,
27,2018,2018-11-25,11,12,22.171,CAR,,SEA,L 27-30,*,17,125,7.35,1,11,11,112,10.18,1,100.0%,10.18,0,0,,0,0,0,,0,0,,,0,0,,0,0,0,,0,,2,12,0.0,0,0,0,,,3,0,0,0,0,0,59,100%,0,0%,0,0%,
28,2018,2018-12-02,12,13,22.178,CAR,@,TAM,L 17-24,*,10,106,10.60,0,10,9,55,6.11,1,90.0%,5.50,0,0,,0,0,0,,0,0,,,0,0,,0,0,0,,0,,1,6,0.0,0,0,0,0,0,0,0,0,0,0,0,70,100%,0,0%,1,4%,
29,2018,2018-12-09,13,14,22.185,CAR,@,CLE,L 20-26,*,16,63,3.94,2,7,6,38,6.33,0,85.7%,5.43,0,0,,0,0,0,,0,0,,,0,0,,0,0,0,,0,,2,12,0.0,0,0,0,,,0,0,0,0,0,0,74,100%,0,0%,0,0%,
30,2018,2018-12-17,14,15,22.193,CAR,,NOR,L 9-12,*,15,53,3.53,0,11,8,67,8.38,0,72.7%,6.09,1,1,100.00,50,1,0,158.3,0,0,50.00,70.00,0,0,,0,0,0,,0,,0,0,0.0,0,0,0,,,0,0,0,0,0,0,58,100%,0,0%,0,0%,
31,2018,2018-12-23,15,16,22.199,CAR,,ATL,L 10-24,*,21,101,4.81,0,13,12,77,6.42,0,92.3%,5.92,0,0,,0,0,0,,0,0,,,0,0,,0,0,0,,0,,0,0,0.0,0,0,0,,,0,0,0,0,0,0,83,90%,0,0%,0,0%,
32,2018,2018-12-30,16,17,22.206,CAR,@,NOR,W 33-14,*,4,18,4.50,0,1,1,22,22.00,0,100.0%,22.00,0,0,,0,0,0,,0,0,,,0,0,,0,0,0,,0,,0,0,0.0,0,0,0,,,0,0,0,0,0,0,10,14%,0,0%,0,0%,
33,2019,2019-09-08,1,1,23.093,CAR,,LAR,L 27-30,*,19,128,6.74,2,11,10,81,8.10,0,90.9%,7.36,0,0,,0,0,0,,0,0,,,0,0,,0,0,0,,0,,2,12,0.0,0,0,0,0,0,0,0,0,0,0,0,66,100%,0,0%,0,0%,
34,2019,2019-09-12,2,2,23.097,CAR,,TAM,L 14-20,*,16,37,2.31,0,6,2,16,8.00,0,33.3%,2.67,0,0,,0,0,0,,0,0,,,0,0,,0,0,0,,0,,0,0,0.0,0,0,0,0,0,0,0,0,0,0,0,75,100%,0,0%,0,0%,
35,2019,2019-09-22,3,3,23.107,CAR,@,ARI,W 38-20,*,24,153,6.38,1,4,3,35,11.67,0,75.0%,8.75,0,0,,0,0,0,,0,0,,,0,0,,0,0,0,,0,,1,6,0.0,0,0,0,0,0,0,0,0,0,0,0,56,93%,0,0%,0,0%,
36,2019,2019-09-29,4,4,23.114,CAR,@,HOU,W 16-10,*,27,93,3.44,1,10,10,86,8.60,0,100.0%,8.60,0,0,,0,0,0,,0,0,,,0,0,,0,0,0,,0,,1,6,0.0,0,0,0,0,0,0,0,0,0,0,0,67,100%,0,0%,0,0%,
37,2019,2019-10-06,5,5,23.121,CAR,,JAX,W 34-27,*,19,176,9.26,2,8,6,61,10.17,1,75.0%,7.63,0,1,0.00,0,0,0,39.6,0,0,0.00,0.00,0,0,,0,0,0,,0,,3,18,0.0,0,0,0,0,0,0,0,0,0,0,0,54,86%,0,0%,0,0%,
38,2019,2019-10-13,6,6,23.128,CAR,@,TAM,W 37-26,*,22,31,1.41,1,5,4,26,6.50,1,80.0%,5.20,0,0,,0,0,0,,0,0,,,0,0,,0,0,0,,0,,2,12,0.0,0,0,0,0,0,0,0,0,0,0,0,64,94%,0,0%,0,0%,
39,2019,2019-10-27,7,8,23.142,CAR,@,SFO,L 13-51,*,14,117,8.36,1,5,4,38,9.50,0,80.0%,7.60,0,0,,0,0,0,,0,0,,,0,0,,0,0,0,,0,1,1,8,0.0,0,0,0,0,0,0,0,0,0,0,0,53,78%,0,0%,0,0%,
40,2019,2019-11-03,8,9,23.149,CAR,,TEN,W 30-20,*,24,146,6.08,2,3,3,20,6.67,1,100.0%,6.67,0,0,,0,0,0,,0,0,,,0,0,,0,0,0,,0,,3,18,0.0,0,0,0,0,0,0,0,0,0,0,0,61,86%,0,0%,0,0%,
41,2019,2019-11-10,9,10,23.156,CAR,@,GNB,L 16-24,*,20,108,5.40,1,7,6,33,5.50,0,85.7%,4.71,0,0,,0,0,0,,0,0,,,0,0,,0,0,0,,0,,1,6,0.0,0,0,0,0,0,1,0,0,0,0,0,72,100%,0,0%,0,0%,
42,2019,2019-11-17,10,11,23.163,CAR,,ATL,L 3-29,*,14,70,5.00,0,15,11,121,11.00,0,73.3%,8.07,0,0,,0,0,0,,0,0,,,0,0,,0,0,0,,0,,0,0,0.0,0,0,0,0,0,0,0,0,0,0,0,69,93%,0,0%,0,0%,
43,2019,2019-11-24,11,12,23.170,CAR,@,NOR,L 31-34,*,22,64,2.91,1,9,9,69,7.67,1,100.0%,7.67,0,0,,0,0,0,,0,0,,,0,0,,0,0,0,,0,,2,12,0.0,0,0,0,0,0,0,0,0,0,0,0,74,100%,0,0%,0,0%,
44,2019,2019-12-01,12,13,23.177,CAR,,WAS,L 21-29,*,14,44,3.14,0,12,7,58,8.29,0,58.3%,4.83,0,0,,0,0,0,,0,0,,,0,0,,0,0,0,,0,,0,0,0.0,0,0,0,0,0,0,0,0,0,0,0,72,99%,0,0%,0,0%,
45,2019,2019-12-08,13,14,23.184,CAR,@,ATL,L 20-40,*,11,53,4.82,0,12,11,82,7.45,0,91.7%,6.83,0,0,,0,0,0,,0,0,,,0,0,,0,0,0,,0,,0,0,0.0,0,0,0,0,0,0,0,0,0,0,0,70,99%,0,0%,0,0%,
46,2019,2019-12-15,14,15,23.191,CAR,,SEA,L 24-30,*,19,87,4.58,2,10,8,88,11.00,0,80.0%,8.80,0,1,0.00,0,0,0,39.6,0,0,0.00,0.00,0,0,,0,0,0,,0,,2,12,0.0,0,0,0,0,0,0,0,0,0,0,0,72,100%,0,0%,0,0%,
47,2019,2019-12-22,15,16,23.198,CAR,@,IND,L 6-38,*,13,54,4.15,0,15,15,119,7.93,0,100.0%,7.93,0,0,,0,0,0,,0,0,,,0,0,,0,0,0,,0,,0,0,0.0,0,0,0,0,0,0,0,0,0,0,0,63,90%,0,0%,0,0%,
48,2019,2019-12-29,16,17,23.205,CAR,,NOR,L 10-42,*,9,26,2.89,1,10,7,72,10.29,0,70.0%,7.20,0,0,,0,0,0,,0,0,,,0,0,,0,0,0,,0,,1,6,0.0,0,0,0,0,0,0,0,0,0,0,0,51,72%,0,0%,0,0%,
49,2020,2020-09-13,1,1,24.098,CAR,,LVR,L 30-34,*,23,97,4.22,2,4,3,38,12.67,0,75.0%,9.50,0,0,,0,0,0,,0,0,,,0,0,,0,0,0,,0,,2,12,0.0,0,0,0,0,0,0,0,0,0,0,0,65,97%,0,0%,0,0%,
50,2020,2020-09-20,2,2,24.105,CAR,@,TAM,L 17-31,*,18,59,3.28,2,5,4,29,7.25,0,80.0%,5.80,0,0,,0,0,0,,0,0,,,0,0,,0,0,0,,0,,2,12,0.0,0,0,0,0,0,0,0,0,0,0,0,47,64%,0,0%,0,0%,
51,2020,2020-09-27,3,3,,CAR,@,LAC,W 21-16,Injured Reserve,Injured Reserve,Injured Reserve,Injured Reserve,Injured Reserve,Injured Reserve,Injured Reserve,Injured Reserve,Injured Reserve,Injured Reserve,Injured Reserve,Injured Reserve,Injured Reserve,Injured Reserve,Injured Reserve,Injured Reserve,Injured Reserve,Injured Reserve,Injured Reserve,Injured Reserve,Injured Reserve,Injured Reserve,Injured Reserve,Injured Reserve,Injured Reserve,Injured Reserve,Injured Reserve,Injured Reserve,Injured Reserve,Injured Reserve,Injured Reserve,Injured Reserve,Injured Reserve,Injured Reserve,Injured Reserve,Injured Reserve,Injured Reserve,Injured Reserve,Injured Reserve,Injured Reserve,Injured Reserve,Injured Reserve,Injured Reserve,Injured Reserve,Injured Reserve,Injured Reserve,Injured Reserve,Injured Reserve,Injured Reserve,Injured Reserve,Injured Reserve,Injured Reserve,Injured Reserve
52,2020,2020-10-04,4,4,,CAR,,ARI,W 31-21,Injured Reserve,Injured Reserve,Injured Reserve,Injured Reserve,Injured Reserve,Injured Reserve,Injured Reserve,Injured Reserve,Injured Reserve,Injured Reserve,Injured Reserve,Injured Reserve,Injured Reserve,Injured Reserve,Injured Reserve,Injured Reserve,Injured Reserve,Injured Reserve,Injured Reserve,Injured Reserve,Injured Reserve,Injured Reserve,Injured Reserve,Injured Reserve,Injured Reserve,Injured Reserve,Injured Reserve,Injured Reserve,Injured Reserve,Injured Reserve,Injured Reserve,Injured Reserve,Injured Reserve,Injured Reserve,Injured Reserve,Injured Reserve,Injured Reserve,Injured Reserve,Injured Reserve,Injured Reserve,Injured Reserve,Injured Reserve,Injured Reserve,Injured Reserve,Injured Reserve,Injured Reserve,Injured Reserve,Injured Reserve,Injured Reserve,Injured Reserve,Injured Reserve,Injured Reserve,Injured Reserve
53,2020,2020-10-11,5,5,,CAR,@,ATL,W 23-16,Injured Reserve,Injured Reserve,Injured Reserve,Injured Reserve,Injured Reserve,Injured Reserve,Injured Reserve,Injured Reserve,Injured Reserve,Injured Reserve,Injured Reserve,Injured Reserve,Injured Reserve,Injured Reserve,Injured Reserve,Injured Reserve,Injured Reserve,Injured Reserve,Injured Reserve,Injured Reserve,Injured Reserve,Injured Reserve,Injured Reserve,Injured Reserve,Injured Reserve,Injured Reserve,Injured Reserve,Injured Reserve,Injured Reserve,Injured Reserve,Injured Reserve,Injured Reserve,Injured Reserve,Injured Reserve,Injured Reserve,Injured Reserve,Injured Reserve,Injured Reserve,Injured Reserve,Injured Reserve,Injured Reserve,Injured Reserve,Injured Reserve,Injured Reserve,Injured Reserve,Injured Reserve,Injured Reserve,Injured Reserve,Injured Reserve,Injured Reserve,Injured Reserve,Injured Reserve,Injured Reserve
54,2020,2020-10-18,6,6,,CAR,,CHI,L 16-23,Injured Reserve,Injured Reserve,Injured Reserve,Injured Reserve,Injured Reserve,Injured Reserve,Injured Reserve,Injured Reserve,Injured Reserve,Injured Reserve,Injured Reserve,Injured Reserve,Injured Reserve,Injured Reserve,Injured Reserve,Injured Reserve,Injured Reserve,Injured Reserve,Injured Reserve,Injured Reserve,Injured Reserve,Injured Reserve,Injured Reserve,Injured Reserve,Injured Reserve,Injured Reserve,Injured Reserve,Injured Reserve,Injured Reserve,Injured Reserve,Injured Reserve,Injured Reserve,Injured Reserve,Injured Reserve,Injured Reserve,Injured Reserve,Injured Reserve,Injured Reserve,Injured Reserve,Injured Reserve,Injured Reserve,Injured Reserve,Injured Reserve,Injured Reserve,Injured Reserve,Injured Reserve,Injured Reserve,Injured Reserve,Injured Reserve,Injured Reserve,Injured Reserve,Injured Reserve,Injured Reserve
55,2020,2020-10-25,7,7,,CAR,@,NOR,L 24-27,Injured Reserve,Injured Reserve,Injured Reserve,Injured Reserve,Injured Reserve,Injured Reserve,Injured Reserve,Injured Reserve,Injured Reserve,Injured Reserve,Injured Reserve,Injured Reserve,Injured Reserve,Injured Reserve,Injured Reserve,Injured Reserve,Injured Reserve,Injured Reserve,Injured Reserve,Injured Reserve,Injured Reserve,Injured Reserve,Injured Reserve,Injured Reserve,Injured Reserve,Injured Reserve,Injured Reserve,Injured Reserve,Injured Reserve,Injured Reserve,Injured Reserve,Injured Reserve,Injured Reserve,Injured Reserve,Injured Reserve,Injured Reserve,Injured Reserve,Injured Reserve,Injured Reserve,Injured Reserve,Injured Reserve,Injured Reserve,Injured Reserve,Injured Reserve,Injured Reserve,Injured Reserve,Injured Reserve,Injured Reserve,Injured Reserve,Injured Reserve,Injured Reserve,Injured Reserve,Injured Reserve
56,2020,2020-10-29,8,8,,CAR,,ATL,L 17-25,Injured Reserve,Injured Reserve,Injured Reserve,Injured Reserve,Injured Reserve,Injured Reserve,Injured Reserve,Injured Reserve,Injured Reserve,Injured Reserve,Injured Reserve,Injured Reserve,Injured Reserve,Injured Reserve,Injured Reserve,Injured Reserve,Injured Reserve,Injured Reserve,Injured Reserve,Injured Reserve,Injured Reserve,Injured Reserve,Injured Reserve,Injured Reserve,Injured Reserve,Injured Reserve,Injured Reserve,Injured Reserve,Injured Reserve,Injured Reserve,Injured Reserve,Injured Reserve,Injured Reserve,Injured Reserve,Injured Reserve,Injured Reserve,Injured Reserve,Injured Reserve,Injured Reserve,Injured Reserve,Injured Reserve,Injured Reserve,Injured Reserve,Injured Reserve,Injured Reserve,Injured Reserve,Injured Reserve,Injured Reserve,Injured Reserve,Injured Reserve,Injured Reserve,Injured Reserve,Injured Reserve
57,2020,2020-11-08,9,9,24.154,CAR,@,KAN,L 31-33,*,18,69,3.83,1,10,10,82,8.20,1,100.0%,8.20,0,0,,0,0,0,,0,0,,,0,0,,0,0,0,,0,,2,12,0.0,0,0,0,0,0,0,0,0,0,0,0,59,71%,0,0%,1,3%,
58,2020,2020-11-15,10,10,,CAR,,TAM,L 23-46,Inactive,Inactive,Inactive,Inactive,Inactive,Inactive,Inactive,Inactive,Inactive,Inactive,Inactive,Inactive,Inactive,Inactive,Inactive,Inactive,Inactive,Inactive,Inactive,Inactive,Inactive,Inactive,Inactive,Inactive,Inactive,Inactive,Inactive,Inactive,Inactive,Inactive,Inactive,Inactive,Inactive,Inactive,Inactive,Inactive,Inactive,Inactive,Inactive,Inactive,Inactive,Inactive,Inactive,Inactive,Inactive,Inactive,Inactive,Inactive,Inactive,Inactive,Inactive,Inactive,Inactive
59,2020,2020-11-22,11,11,,CAR,,DET,W 20-0,Inactive,Inactive,Inactive,Inactive,Inactive,Inactive,Inactive,Inactive,Inactive,Inactive,Inactive,Inactive,Inactive,Inactive,Inactive,Inactive,Inactive,Inactive,Inactive,Inactive,Inactive,Inactive,Inactive,Inactive,Inactive,Inactive,Inactive,Inactive,Inactive,Inactive,Inactive,Inactive,Inactive,Inactive,Inactive,Inactive,Inactive,Inactive,Inactive,Inactive,Inactive,Inactive,Inactive,Inactive,Inactive,Inactive,Inactive,Inactive,Inactive,Inactive,Inactive,Inactive,Inactive
60,2020,2020-11-29,12,12,,CAR,@,MIN,L 27-28,Inactive,Inactive,Inactive,Inactive,Inactive,Inactive,Inactive,Inactive,Inactive,Inactive,Inactive,Inactive,Inactive,Inactive,Inactive,Inactive,Inactive,Inactive,Inactive,Inactive,Inactive,Inactive,Inactive,Inactive,Inactive,Inactive,Inactive,Inactive,Inactive,Inactive,Inactive,Inactive,Inactive,Inactive,Inactive,Inactive,Inactive,Inactive,Inactive,Inactive,Inactive,Inactive,Inactive,Inactive,Inactive,Inactive,Inactive,Inactive,Inactive,Inactive,Inactive,Inactive,Inactive
61,2020,2020-12-13,13,14,,CAR,,DEN,L 27-32,Inactive,Inactive,Inactive,Inactive,Inactive,Inactive,Inactive,Inactive,Inactive,Inactive,Inactive,Inactive,Inactive,Inactive,Inactive,Inactive,Inactive,Inactive,Inactive,Inactive,Inactive,Inactive,Inactive,Inactive,Inactive,Inactive,Inactive,Inactive,Inactive,Inactive,Inactive,Inactive,Inactive,Inactive,Inactive,Inactive,Inactive,Inactive,Inactive,Inactive,Inactive,Inactive,Inactive,Inactive,Inactive,Inactive,Inactive,Inactive,Inactive,Inactive,Inactive,Inactive,Inactive
62,2020,2020-12-19,14,15,,CAR,@,GNB,L 16-24,Inactive,Inactive,Inactive,Inactive,Inactive,Inactive,Inactive,Inactive,Inactive,Inactive,Inactive,Inactive,Inactive,Inactive,Inactive,Inactive,Inactive,Inactive,Inactive,Inactive,Inactive,Inactive,Inactive,Inactive,Inactive,Inactive,Inactive,Inactive,Inactive,Inactive,Inactive,Inactive,Inactive,Inactive,Inactive,Inactive,Inactive,Inactive,Inactive,Inactive,Inactive,Inactive,Inactive,Inactive,Inactive,Inactive,Inactive,Inactive,Inactive,Inactive,Inactive,Inactive,Inactive
63,2020,2020-12-27,15,16,,CAR,@,WAS,W 20-13,Inactive,Inactive,Inactive,Inactive,Inactive,Inactive,Inactive,Inactive,Inactive,Inactive,Inactive,Inactive,Inactive,Inactive,Inactive,Inactive,Inactive,Inactive,Inactive,Inactive,Inactive,Inactive,Inactive,Inactive,Inactive,Inactive,Inactive,Inactive,Inactive,Inactive,Inactive,Inactive,Inactive,Inactive,Inactive,Inactive,Inactive,Inactive,Inactive,Inactive,Inactive,Inactive,Inactive,Inactive,Inactive,Inactive,Inactive,Inactive,Inactive,Inactive,Inactive,Inactive,Inactive
64,2020,2021-01-03,16,17,,CAR,,NOR,L 7-33,Inactive,Inactive,Inactive,Inactive,Inactive,Inactive,Inactive,Inactive,Inactive,Inactive,Inactive,Inactive,Inactive,Inactive,Inactive,Inactive,Inactive,Inactive,Inactive,Inactive,Inactive,Inactive,Inactive,Inactive,Inactive,Inactive,Inactive,Inactive,Inactive,Inactive,Inactive,Inactive,Inactive,Inactive,Inactive,Inactive,Inactive,Inactive,Inactive,Inactive,Inactive,Inactive,Inactive,Inactive,Inactive,Inactive,Inactive,Inactive,Inactive,Inactive,Inactive,Inactive,Inactive
65,2021,2021-09-12,1,1,25.097,CAR,,NYJ,W 19-14,*,21,98,4.67,0,9,9,89,9.89,0,100.0%,9.89,0,0,,0,0,0,,0,0,,,0,0,,0,0,0,,0,,0,0,0.0,0,0,0,0,0,0,0,0,0,0,0,57,89%,0,0%,1,4%,
66,2021,2021-09-19,2,2,25.104,CAR,,NOR,W 26-7,*,24,72,3.00,1,6,5,65,13.00,0,83.3%,10.83,0,0,,0,0,0,,0,0,,,0,0,,0,0,0,,0,,1,6,0.0,0,0,0,0,0,0,0,0,0,0,0,54,71%,0,0%,0,0%,
67,2021,2021-09-23,3,3,25.108,CAR,@,HOU,W 24-9,*,7,31,4.43,0,2,2,9,4.50,0,100.0%,4.50,0,0,,0,0,0,,0,0,,,0,0,,0,0,0,,0,,0,0,0.0,0,0,0,0,0,0,0,0,0,0,0,22,30%,0,0%,0,0%,
68,2021,2021-10-03,4,4,,CAR,@,DAL,L 28-36,Inactive,Inactive,Inactive,Inactive,Inactive,Inactive,Inactive,Inactive,Inactive,Inactive,Inactive,Inactive,Inactive,Inactive,Inactive,Inactive,Inactive,Inactive,Inactive,Inactive,Inactive,Inactive,Inactive,Inactive,Inactive,Inactive,Inactive,Inactive,Inactive,Inactive,Inactive,Inactive,Inactive,Inactive,Inactive,Inactive,Inactive,Inactive,Inactive,Inactive,Inactive,Inactive,Inactive,Inactive,Inactive,Inactive,Inactive,Inactive,Inactive,Inactive,Inactive,Inactive,Inactive
69,2021,2021-10-10,5,5,,CAR,,PHI,L 18-21,Inactive,Inactive,Inactive,Inactive,Inactive,Inactive,Inactive,Inactive,Inactive,Inactive,Inactive,Inactive,Inactive,Inactive,Inactive,Inactive,Inactive,Inactive,Inactive,Inactive,Inactive,Inactive,Inactive,Inactive,Inactive,Inactive,Inactive,Inactive,Inactive,Inactive,Inactive,Inactive,Inactive,Inactive,Inactive,Inactive,Inactive,Inactive,Inactive,Inactive,Inactive,Inactive,Inactive,Inactive,Inactive,Inactive,Inactive,Inactive,Inactive,Inactive,Inactive,Inactive,Inactive
70,2021,2021-10-17,6,6,,CAR,,MIN,L 28-34,Did Not Play,Did Not Play,Did Not Play,Did Not Play,Did Not Play,Did Not Play,Did Not Play,Did Not Play,Did Not Play,Did Not Play,Did Not Play,Did Not Play,Did Not Play,Did Not Play,Did Not Play,Did Not Play,Did Not Play,Did Not Play,Did Not Play,Did Not Play,Did Not Play,Did Not Play,Did Not Play,Did Not Play,Did Not Play,Did Not Play,Did Not Play,Did Not Play,Did Not Play,Did Not Play,Did Not Play,Did Not Play,Did Not Play,Did Not Play,Did Not Play,Did Not Play,Did Not Play,Did Not Play,Did Not Play,Did Not Play,Did Not Play,Did Not Play,Did Not Play,Did Not Play,Did Not Play,Did Not Play,Did Not Play,Did Not Play,Did Not Play,Did Not Play,Did Not Play,Did Not Play,Did Not Play
71,2021,2021-10-24,7,7,,CAR,@,NYG,L 3-25,Did Not Play,Did Not Play,Did Not Play,Did Not Play,Did Not Play,Did Not Play,Did Not Play,Did Not Play,Did Not Play,Did Not Play,Did Not Play,Did Not Play,Did Not Play,Did Not Play,Did Not Play,Did Not Play,Did Not Play,Did Not Play,Did Not Play,Did Not Play,Did Not Play,Did Not Play,Did Not Play,Did Not Play,Did Not Play,Did Not Play,Did Not Play,Did Not Play,Did Not Play,Did Not Play,Did Not Play,Did Not Play,Did Not Play,Did Not Play,Did Not Play,Did Not Play,Did Not Play,Did Not Play,Did Not Play,Did Not Play,Did Not Play,Did Not Play,Did Not Play,Did Not Play,Did Not Play,Did Not Play,Did Not Play,Did Not Play,Did Not Play,Did Not Play,Did Not Play,Did Not Play,Did Not Play
72,2021,2021-10-31,8,8,,CAR,@,ATL,W 19-13,Did Not Play,Did Not Play,Did Not Play,Did Not Play,Did Not Play,Did Not Play,Did Not Play,Did Not Play,Did Not Play,Did Not Play,Did Not Play,Did Not Play,Did Not Play,Did Not Play,Did Not Play,Did Not Play,Did Not Play,Did Not Play,Did Not Play,Did Not Play,Did Not Play,Did Not Play,Did Not Play,Did Not Play,Did Not Play,Did Not Play,Did Not Play,Did Not Play,Did Not Play,Did Not Play,Did Not Play,Did Not Play,Did Not Play,Did Not Play,Did Not Play,Did Not Play,Did Not Play,Did Not Play,Did Not Play,Did Not Play,Did Not Play,Did Not Play,Did Not Play,Did Not Play,Did Not Play,Did Not Play,Did Not Play,Did Not Play,Did Not Play,Did Not Play,Did Not Play,Did Not Play,Did Not Play
73,2021,2021-11-07,9,9,25.153,CAR,,NWE,L 6-24,*,14,52,3.71,0,5,4,54,13.50,0,80.0%,10.80,0,0,,0,0,0,,0,0,,,0,0,,0,0,0,,0,,0,0,0.0,0,0,0,0,0,1,0,0,0,0,0,29,49%,0,0%,0,0%,
74,2021,2021-11-14,10,10,25.160,CAR,@,ARI,W 34-10,*,13,95,7.31,0,10,10,66,6.60,0,100.0%,6.60,0,0,,0,0,0,,0,0,,,0,0,,0,0,0,,0,,0,0,0.0,1,0,1,0,0,0,0,0,0,0,0,44,59%,0,0%,1,4%,
75,2021,2021-11-21,11,11,25.167,CAR,,WAS,L 21-27,*,10,59,5.90,0,8,7,60,8.57,1,87.5%,7.50,0,0,,0,0,0,,0,0,,,0,0,,0,0,0,,0,,1,6,0.0,0,0,0,0,0,0,0,0,1,3,0,46,90%,0,0%,0,0%,
76,2021,2021-11-28,12,12,25.174,CAR,@,MIA,L 10-33,*,10,35,3.50,0,1,0,0,,0,0.0%,0.00,0,0,,0,0,0,,0,0,,,0,0,,0,0,0,,0,,0,0,0.0,0,0,0,0,0,0,0,0,0,0,0,20,36%,0,0%,0,0%,
77,2021,2021-12-12,13,14,,CAR,,ATL,L 21-29,Did Not Play,Did Not Play,Did Not Play,Did Not Play,Did Not Play,Did Not Play,Did Not Play,Did Not Play,Did Not Play,Did Not Play,Did Not Play,Did Not Play,Did Not Play,Did Not Play,Did Not Play,Did Not Play,Did Not Play,Did Not Play,Did Not Play,Did Not Play,Did Not Play,Did Not Play,Did Not Play,Did Not Play,Did Not Play,Did Not Play,Did Not Play,Did Not Play,Did Not Play,Did Not Play,Did Not Play,Did Not Play,Did Not Play,Did Not Play,Did Not Play,Did Not Play,Did Not Play,Did Not Play,Did Not Play,Did Not Play,Did Not Play,Did Not Play,Did Not Play,Did Not Play,Did Not Play,Did Not Play,Did Not Play,Did Not Play,Did Not Play,Did Not Play,Did Not Play,Did Not Play,Did Not Play
78,2021,2021-12-19,14,15,,CAR,@,BUF,L 14-31,Did Not Play,Did Not Play,Did Not Play,Did Not Play,Did Not Play,Did Not Play,Did Not Play,Did Not Play,Did Not Play,Did Not Play,Did Not Play,Did Not Play,Did Not Play,Did Not Play,Did Not Play,Did Not Play,Did Not Play,Did Not Play,Did Not Play,Did Not Play,Did Not Play,Did Not Play,Did Not Play,Did Not Play,Did Not Play,Did Not Play,Did Not Play,Did Not Play,Did Not Play,Did Not Play,Did Not Play,Did Not Play,Did Not Play,Did Not Play,Did Not Play,Did Not Play,Did Not Play,Did Not Play,Did Not Play,Did Not Play,Did Not Play,Did Not Play,Did Not Play,Did Not Play,Did Not Play,Did Not Play,Did Not Play,Did Not Play,Did Not Play,Did Not Play,Did Not Play,Did Not Play,Did Not Play
79,2021,2021-12-26,15,16,,CAR,,TAM,L 6-32,Did Not Play,Did Not Play,Did Not Play,Did Not Play,Did Not Play,Did Not Play,Did Not Play,Did Not Play,Did Not Play,Did Not Play,Did Not Play,Did Not Play,Did Not Play,Did Not Play,Did Not Play,Did Not Play,Did Not Play,Did Not Play,Did Not Play,Did Not Play,Did Not Play,Did Not Play,Did Not Play,Did Not Play,Did Not Play,Did Not Play,Did Not Play,Did Not Play,Did Not Play,Did Not Play,Did Not Play,Did Not Play,Did Not Play,Did Not Play,Did Not Play,Did Not Play,Did Not Play,Did Not Play,Did Not Play,Did Not Play,Did Not Play,Did Not Play,Did Not Play,Did Not Play,Did Not Play,Did Not Play,Did Not Play,Did Not Play,Did Not Play,Did Not Play,Did Not Play,Did Not Play,Did Not Play
80,2021,2022-01-02,16,17,,CAR,@,NOR,L 10-18,Did Not Play,Did Not Play,Did Not Play,Did Not Play,Did Not Play,Did Not Play,Did Not Play,Did Not Play,Did Not Play,Did Not Play,Did Not Play,Did Not Play,Did Not Play,Did Not Play,Did Not Play,Did Not Play,Did Not Play,Did Not Play,Did Not Play,Did Not Play,Did Not Play,Did Not Play,Did Not Play,Did Not Play,Did Not Play,Did Not Play,Did Not Play,Did Not Play,Did Not Play,Did Not Play,Did Not Play,Did Not Play,Did Not Play,Did Not Play,Did Not Play,Did Not Play,Did Not Play,Did Not Play,Did Not Play,Did Not Play,Did Not Play,Did Not Play,Did Not Play,Did Not Play,Did Not Play,Did Not Play,Did Not Play,Did Not Play,Did Not Play,Did Not Play,Did Not Play,Did Not Play,Did Not Play
81,2021,2022-01-09,17,18,,CAR,@,TAM,L 17-41,Did Not Play,Did Not Play,Did Not Play,Did Not Play,Did Not Play,Did Not Play,Did Not Play,Did Not Play,Did Not Play,Did Not Play,Did Not Play,Did Not Play,Did Not Play,Did Not Play,Did Not Play,Did Not Play,Did Not Play,Did Not Play,Did Not Play,Did Not Play,Did Not Play,Did Not Play,Did Not Play,Did Not Play,Did Not Play,Did Not Play,Did Not Play,Did Not Play,Did Not Play,Did Not Play,Did Not Play,Did Not Play,Did Not Play,Did Not Play,Did Not Play,Did Not Play,Did Not Play,Did Not Play,Did Not Play,Did Not Play,Did Not Play,Did Not Play,Did Not Play,Did Not Play,Did Not Play,Did Not Play,Did Not Play,Did Not Play,Did Not Play,Did Not Play,Did Not Play,Did Not Play,Did Not Play
82,2022,2022-09-11,1,1,26.096,CAR,,CLE,L 24-26,*,10,33,3.30,1,5,4,24,6.00,0,80.0%,4.80,0,0,,0,0,0,,0,0,,,0,0,,0,0,0,,0,,1,6,0.0,0,0,0,0,0,0,0,0,1,0,0,43,81%,0,0%,0,0%,
83,2022,2022-09-18,2,2,26.103,CAR,@,NYG,L 16-19,*,15,102,6.80,0,5,4,26,6.50,0,80.0%,5.20,0,0,,0,0,0,,0,0,,,0,0,,0,0,0,,0,,0,0,0.0,0,0,0,0,0,0,0,0,0,0,0,53,91%,0,0%,0,0%,
84,2022,2022-09-25,3,3,26.110,CAR,,NOR,W 22-14,*,25,108,4.32,0,4,2,7,3.50,0,50.0%,1.75,0,0,,0,0,0,,0,0,,,0,0,,0,0,0,,0,,0,0,0.0,0,0,0,0,0,0,0,0,0,0,0,49,80%,0,0%,1,3%,
85,2022,2022-10-02,4,4,26.117,CAR,,ARI,L 16-26,*,8,27,3.38,0,9,9,81,9.00,1,100.0%,9.00,0,0,,0,0,0,,0,0,,,0,0,,0,0,0,,0,,1,6,0.0,0,0,0,0,0,0,0,0,0,0,0,45,87%,0,0%,0,0%,
86,2022,2022-10-09,5,5,26.124,CAR,,SFO,L 15-37,*,14,54,3.86,1,12,7,50,7.14,0,58.3%,4.17,0,0,,0,0,0,,0,0,,,0,0,,0,0,0,,0,,1,6,0.0,0,0,0,0,0,0,0,0,0,0,0,59,86%,0,0%,0,0%,
87,2022,2022-10-16,6,6,26.131,CAR,@,LAR,L 10-24,*,13,69,5.31,0,8,7,89,12.71,0,87.5%,11.13,0,0,,0,0,0,,0,0,,,0,0,,0,0,0,,0,,0,0,0.0,0,0,0,0,0,0,0,0,0,0,0,38,86%,0,0%,0,0%,
88,2022,2022-10-23,7,7,26.138,SFO,,KAN,L 23-44,,8,38,4.75,0,2,2,24,12.00,0,100.0%,12.00,0,0,,0,0,0,,0,0,,,0,0,,0,0,0,,0,,0,0,0.0,0,0,0,0,0,0,0,0,0,0,0,23,29%,0,0%,0,0%,
89,2022,2022-10-30,8,8,26.145,SFO,@,LAR,W 31-14,*,18,94,5.22,1,9,8,55,6.88,1,88.9%,6.11,1,1,100.00,34,1,0,158.3,0,0,34.00,54.00,0,0,,0,0,0,,0,,2,12,0.0,0,0,0,0,0,1,0,0,0,0,0,43,81%,0,0%,0,0%,
90,2022,2022-11-13,9,10,26.159,SFO,,LAC,W 22-16,*,14,38,2.71,1,6,4,39,9.75,0,66.7%,6.50,0,0,,0,0,0,,0,0,,,0,0,,0,0,0,,0,,1,6,0.0,0,0,0,0,0,0,0,0,0,0,0,46,65%,0,0%,0,0%,
91,2022,2022-11-21,10,11,26.167,SFO,@,ARI,W 38-10,*,7,39,5.57,0,7,7,67,9.57,0,100.0%,9.57,0,0,,0,0,0,,0,0,,,0,0,,0,0,0,,0,,0,0,0.0,0,0,0,0,0,0,0,0,0,0,0,38,66%,0,0%,0,0%,
92,2022,2022-11-27,11,12,26.173,SFO,,NOR,W 13-0,*,11,32,2.91,0,6,4,17,4.25,0,66.7%,2.83,0,0,,0,0,0,,0,0,,,0,0,,0,0,0,,0,,0,0,0.0,0,0,0,0,0,0,0,0,0,0,0,44,63%,0,0%,0,0%,
93,2022,2022-12-04,12,13,26.180,SFO,,MIA,W 33-17,*,17,66,3.88,0,10,8,80,10.00,1,80.0%,8.00,0,0,,0,0,0,,0,0,,,0,0,,0,0,0,,0,,1,6,0.0,0,0,0,0,0,0,0,0,0,0,0,69,82%,0,0%,0,0%,
94,2022,2022-12-11,13,14,26.187,SFO,,TAM,W 35-7,*,14,119,8.50,1,3,2,34,17.00,1,66.7%,11.33,0,0,,0,0,0,,0,0,,,0,0,,0,0,0,,0,,2,12,0.0,0,0,0,0,0,0,0,0,0,0,0,44,70%,0,0%,0,0%,
95,2022,2022-12-15,14,15,26.191,SFO,@,SEA,W 21-13,*,26,108,4.15,1,8,6,30,5.00,0,75.0%,3.75,0,0,,0,0,0,,0,0,,,0,0,,0,0,0,,0,,1,6,0.0,0,0,0,0,0,0,0,0,0,0,0,57,89%,0,0%,1,4%,
96,2022,2022-12-24,15,16,26.200,SFO,,WAS,W 37-20,*,15,46,3.07,1,2,2,12,6.00,0,100.0%,6.00,0,0,,0,0,0,,0,0,,,0,0,,0,0,0,,0,,1,6,0.0,0,0,0,0,0,0,0,0,0,0,0,39,75%,0,0%,1,4%,
97,2022,2023-01-01,16,17,26.208,SFO,@,LVR,W 37-34,*,19,121,6.37,1,9,6,72,12.00,0,66.7%,8.00,0,0,,0,0,0,,0,0,,,0,0,,0,0,0,,0,,1,6,0.0,0,0,0,0,0,0,0,0,0,0,0,57,85%,0,0%,0,0%,
98,2022,2023-01-08,17,18,26.215,SFO,,ARI,W 38-13,*,10,45,4.50,0,3,3,34,11.33,1,100.0%,11.33,0,0,,0,0,0,,0,0,,,0,0,,0,0,0,,0,,1,6,0.0,0,0,0,0,0,0,0,0,0,0,0,30,48%,0,0%,0,0%,
99,2023,2023-09-10,1,1,27.095,SFO,@,PIT,W 30-7,*,22,152,6.91,1,5,3,17,5.67,0,60.0%,3.40,0,0,,0,0,0,,0,0,,,0,0,,0,0,0,,0,,1,6,0.0,0,0,0,0,0,1,0,0,1,0,0,58,85%,0,0%,0,0%,
100,2023,2023-09-17,2,2,27.102,SFO,@,LAR,W 30-23,*,20,116,5.80,1,3,3,19,6.33,0,100.0%,6.33,0,0,,0,0,0,,0,0,,,0,0,,0,0,0,,0,,1,6,0.0,0,0,0,0,0,0,0,0,0,0,0,57,100%,0,0%,0,0%,
101,2023,2023-09-21,3,3,27.106,SFO,,NYG,W 30-12,*,18,85,4.72,1,5,5,34,6.80,0,100.0%,6.80,0,0,,0,0,0,,0,0,,,0,0,,0,0,0,,0,,1,6,0.0,0,0,0,0,0,0,0,0,0,0,0,51,61%,0,0%,0,0%,
102,2023,2023-10-01,4,4,27.116,SFO,,ARI,W 35-16,*,20,106,5.30,3,8,7,71,10.14,1,87.5%,8.88,0,0,,0,0,0,,0,0,,,0,0,,0,0,0,,0,,4,24,0.0,0,0,0,0,0,0,0,0,0,0,0,47,85%,0,0%,0,0%,
103,2023,2023-10-08,5,5,27.123,SFO,,DAL,W 42-10,*,19,51,2.68,1,3,2,27,13.50,0,66.7%,9.00,0,0,,0,0,0,,0,0,,,0,0,,0,0,0,,0,,1,6,0.0,0,0,0,0,0,1,1,0,0,0,0,52,73%,0,0%,0,0%,
104,2023,2023-10-15,6,6,27.130,SFO,@,CLE,L 17-19,*,11,43,3.91,0,3,3,9,3.00,1,100.0%,3.00,0,0,,0,0,0,,0,0,,,0,0,,0,0,0,,0,,1,6,0.0,0,0,0,0,0,0,0,0,0,0,0,36,58%,0,0%,0,0%,
105,2023,2023-10-23,7,7,27.138,SFO,@,MIN,L 17-22,*,15,45,3.00,1,3,3,51,17.00,1,100.0%,17.00,0,0,,0,0,0,,0,0,,,0,0,,0,0,0,,0,,2,12,0.0,0,0,0,0,0,1,1,0,0,0,0,53,100%,0,0%,0,0%,
106,2023,2023-10-29,8,8,27.144,SFO,,CIN,L 17-31,*,12,54,4.50,1,7,6,64,10.67,1,85.7%,9.14,0,0,,0,0,0,,0,0,,,0,0,,0,0,0,,0,,2,12,0.0,0,0,0,0,0,0,0,0,0,0,0,57,97%,0,0%,0,0%,
107,2023,2023-11-12,9,10,27.158,SFO,@,JAX,W 34-3,*,16,95,5.94,0,10,6,47,7.83,0,60.0%,4.70,0,0,,0,0,0,,0,0,,,0,0,,0,0,0,,0,,0,0,0.0,0,0,0,0,0,0,0,0,0,0,0,47,76%,0,0%,0,0%,
108,2023,2023-11-19,10,11,27.165,SFO,,TAM,W 27-14,*,21,78,3.71,0,5,5,25,5.00,1,100.0%,5.00,0,0,,0,0,0,,0,0,,,0,0,,0,0,0,,0,,1,6,0.0,0,0,0,0,0,0,0,0,0,0,0,52,87%,0,0%,0,0%,
109,2023,2023-11-23,11,12,27.169,SFO,@,SEA,W 31-13,*,19,114,6.00,2,6,5,25,5.00,0,83.3%,4.17,0,0,,0,0,0,,0,0,,,0,0,,0,0,0,,0,,2,12,0.0,0,0,0,0,0,0,0,0,0,0,0,51,77%,0,0%,0,0%,
110,2023,2023-12-03,12,13,27.179,SFO,@,PHI,W 42-19,*,17,93,5.47,1,4,3,40,13.33,0,75.0%,10.00,0,0,,0,0,0,,0,0,,,0,0,,0,0,0,,0,,1,6,0.0,0,0,0,0,0,0,0,0,0,0,0,52,88%,0,0%,1,4%,
111,2023,2023-12-10,13,14,27.186,SFO,,SEA,W 28-16,*,16,145,9.06,0,1,1,8,8.00,0,100.0%,8.00,0,0,,0,0,0,,0,0,,,0,0,,0,0,0,,0,,0,0,0.0,0,0,0,0,0,0,0,0,0,0,0,48,89%,0,0%,0,0%,
112,2023,2023-12-17,14,15,27.193,SFO,@,ARI,W 45-29,*,18,115,6.39,1,5,5,72,14.40,2,100.0%,14.40,0,0,,0,0,0,,0,0,,,0,0,,0,0,0,,0,,3,18,0.0,0,0,0,0,0,0,0,0,0,0,0,43,77%,0,0%,0,0%,
113,2023,2023-12-25,15,16,27.201,SFO,,BAL,L 19-33,*,14,103,7.36,1,10,6,28,4.67,0,60.0%,2.80,0,0,,0,0,0,,0,0,,,0,0,,0,0,0,,0,,1,6,0.0,0,0,0,0,0,0,0,0,0,0,0,70,100%,0,0%,0,0%,
114,2023,2023-12-31,16,17,27.207,SFO,@,WAS,W 27-10,*,14,64,4.57,0,5,4,27,6.75,0,80.0%,5.40,0,0,,0,0,0,,0,0,,,0,0,,0,0,0,,0,,0,0,0.0,0,0,0,0,0,0,0,0,0,0,0,38,54%,0,0%,0,0%,
115,2023,2024-01-07,17,18,,SFO,,LAR,L 20-21,Inactive,Inactive,Inactive,Inactive,Inactive,Inactive,Inactive,Inactive,Inactive,Inactive,Inactive,Inactive,Inactive,Inactive,Inactive,Inactive,Inactive,Inactive,Inactive,Inactive,Inactive,Inactive,Inactive,Inactive,Inactive,Inactive,Inactive,Inactive,Inactive,Inactive,Inactive,Inactive,Inactive,Inactive,Inactive,Inactive,Inactive,Inactive,Inactive,Inactive,Inactive,Inactive,Inactive,Inactive,Inactive,Inactive,Inactive,Inactive,Inactive,Inactive,Inactive,Inactive,Inactive
116,2024,2024-09-09,1,1,,SFO,,NYJ,W 32-19,Inactive,Inactive,Inactive,Inactive,Inactive,Inactive,Inactive,Inactive,Inactive,Inactive,Inactive,Inactive,Inactive,Inactive,Inactive,Inactive,Inactive,Inactive,Inactive,Inactive,Inactive,Inactive,Inactive,Inactive,Inactive,Inactive,Inactive,Inactive,Inactive,Inactive,Inactive,Inactive,Inactive,Inactive,Inactive,Inactive,Inactive,Inactive,Inactive,Inactive,Inactive,Inactive,Inactive,Inactive,Inactive,Inactive,Inactive,Inactive,Inactive,Inactive,Inactive,Inactive,Inactive
117,2024,2024-09-15,2,2,,SFO,@,MIN,L 17-23,Did Not Play,Did Not Play,Did Not Play,Did Not Play,Did Not Play,Did Not Play,Did Not Play,Did Not Play,Did Not Play,Did Not Play,Did Not Play,Did Not Play,Did Not Play,Did Not Play,Did Not Play,Did Not Play,Did Not Play,Did Not Play,Did Not Play,Did Not Play,Did Not Play,Did Not Play,Did Not Play,Did Not Play,Did Not Play,Did Not Play,Did Not Play,Did Not Play,Did Not Play,Did Not Play,Did Not Play,Did Not Play,Did Not Play,Did Not Play,Did Not Play,Did Not Play,Did Not Play,Did Not Play,Did Not Play,Did Not Play,Did Not Play,Did Not Play,Did Not Play,Did Not Play,Did Not Play,Did Not Play,Did Not Play,Did Not Play,Did Not Play,Did Not Play,Did Not Play,Did Not Play,Did Not Play
118,2024,2024-09-22,3,3,,SFO,@,LAR,L 24-27,Did Not Play,Did Not Play,Did Not Play,Did Not Play,Did Not Play,Did Not Play,Did Not Play,Did Not Play,Did Not Play,Did Not Play,Did Not Play,Did Not Play,Did Not Play,Did Not Play,Did Not Play,Did Not Play,Did Not Play,Did Not Play,Did Not Play,Did Not Play,Did Not Play,Did Not Play,Did Not Play,Did Not Play,Did Not Play,Did Not Play,Did Not Play,Did Not Play,Did Not Play,Did Not Play,Did Not Play,Did Not Play,Did Not Play,Did Not Play,Did Not Play,Did Not Play,Did Not Play,Did Not Play,Did Not Play,Did Not Play,Did Not Play,Did Not Play,Did Not Play,Did Not Play,Did Not Play,Did Not Play,Did Not Play,Did Not Play,Did Not Play,Did Not Play,Did Not Play,Did Not Play,Did Not Play
119,2024,2024-09-29,4,4,,SFO,,NWE,W 30-13,Did Not Play,Did Not Play,Did Not Play,Did Not Play,Did Not Play,Did Not Play,Did Not Play,Did Not Play,Did Not Play,Did Not Play,Did Not Play,Did Not Play,Did Not Play,Did Not Play,Did Not Play,Did Not Play,Did Not Play,Did Not Play,Did Not Play,Did Not Play,Did Not Play,Did Not Play,Did Not Play,Did Not Play,Did Not Play,Did Not Play,Did Not Play,Did Not Play,Did Not Play,Did Not Play,Did Not Play,Did Not Play,Did Not Play,Did Not Play,Did Not Play,Did Not Play,Did Not Play,Did Not Play,Did Not Play,Did Not Play,Did Not Play,Did Not Play,Did Not Play,Did Not Play,Did Not Play,Did Not Play,Did Not Play,Did Not Play,Did Not Play,Did Not Play,Did Not Play,Did Not Play,Did Not Play
120,2024,2024-10-06,5,5,,SFO,,ARI,L 23-24,Did Not Play,Did Not Play,Did Not Play,Did Not Play,Did Not Play,Did Not Play,Did Not Play,Did Not Play,Did Not Play,Did Not Play,Did Not Play,Did Not Play,Did Not Play,Did Not Play,Did Not Play,Did Not Play,Did Not Play,Did Not Play,Did Not Play,Did Not Play,Did Not Play,Did Not Play,Did Not Play,Did Not Play,Did Not Play,Did Not Play,Did Not Play,Did Not Play,Did Not Play,Did Not Play,Did Not Play,Did Not Play,Did Not Play,Did Not Play,Did Not Play,Did Not Play,Did Not Play,Did Not Play,Did Not Play,Did Not Play,Did Not Play,Did Not Play,Did Not Play,Did Not Play,Did Not Play,Did Not Play,Did Not Play,Did Not Play,Did Not Play,Did Not Play,Did Not Play,Did Not Play,Did Not Play
121,2024,2024-10-10,6,6,,SFO,@,SEA,W 36-24,Did Not Play,Did Not Play,Did Not Play,Did Not Play,Did Not Play,Did Not Play,Did Not Play,Did Not Play,Did Not Play,Did Not Play,Did Not Play,Did Not Play,Did Not Play,Did Not Play,Did Not Play,Did Not Play,Did Not Play,Did Not Play,Did Not Play,Did Not Play,Did Not Play,Did Not Play,Did Not Play,Did Not Play,Did Not Play,Did Not Play,Did Not Play,Did Not Play,Did Not Play,Did Not Play,Did Not Play,Did Not Play,Did Not Play,Did Not Play,Did Not Play,Did Not Play,Did Not Play,Did Not Play,Did Not Play,Did Not Play,Did Not Play,Did Not Play,Did Not Play,Did Not Play,Did Not Play,Did Not Play,Did Not Play,Did Not Play,Did Not Play,Did Not Play,Did Not Play,Did Not Play,Did Not Play
122,2024,2024-10-20,7,7,,SFO,,KAN,L 18-28,Did Not Play,Did Not Play,Did Not Play,Did Not Play,Did Not Play,Did Not Play,Did Not Play,Did Not Play,Did Not Play,Did Not Play,Did Not Play,Did Not Play,Did Not Play,Did Not Play,Did Not Play,Did Not Play,Did Not Play,Did Not Play,Did Not Play,Did Not Play,Did Not Play,Did Not Play,Did Not Play,Did Not Play,Did Not Play,Did Not Play,Did Not Play,Did Not Play,Did Not Play,Did Not Play,Did Not Play,Did Not Play,Did Not Play,Did Not Play,Did Not Play,Did Not Play,Did Not Play,Did Not Play,Did Not Play,Did Not Play,Did Not Play,Did Not Play,Did Not Play,Did Not Play,Did Not Play,Did Not Play,Did Not Play,Did Not Play,Did Not Play,Did Not Play,Did Not Play,Did Not Play,Did Not Play
123,2024,2024-10-27,8,8,,SFO,,DAL,W 30-24,Did Not Play,Did Not Play,Did Not Play,Did Not Play,Did Not Play,Did Not Play,Did Not Play,Did Not Play,Did Not Play,Did Not Play,Did Not Play,Did Not Play,Did Not Play,Did Not Play,Did Not Play,Did Not Play,Did Not Play,Did Not Play,Did Not Play,Did Not Play,Did Not Play,Did Not Play,Did Not Play,Did Not Play,Did Not Play,Did Not Play,Did Not Play,Did Not Play,Did Not Play,Did Not Play,Did Not Play,Did Not Play,Did Not Play,Did Not Play,Did Not Play,Did Not Play,Did Not Play,Did Not Play,Did Not Play,Did Not Play,Did Not Play,Did Not Play,Did Not Play,Did Not Play,Did Not Play,Did Not Play,Did Not Play,Did Not Play,Did Not Play,Did Not Play,Did Not Play,Did Not Play,Did Not Play
124,2024,2024-11-10,9,10,28.156,SFO,@,TAM,W 23-20,*,13,39,3.00,0,7,6,68,11.33,0,85.7%,9.71,0,0,,0,0,0,,0,0,,,0,0,,0,0,0,,0,,0,0,0.0,0,0,0,0,0,0,0,0,0,0,0,56,88%,0,0%,0,0%,
125,2024,2024-11-17,10,11,28.163,SFO,,SEA,L 17-20,*,19,79,4.16,0,5,4,27,6.75,0,80.0%,5.40,0,0,,0,0,0,,0,0,,,0,0,,0,0,0,,0,,0,0,0.0,0,0,0,0,0,0,0,0,0,0,0,59,94%,0,0%,0,0%,
126,2024,2024-11-24,11,12,28.170,SFO,@,GNB,L 10-38,*,11,31,2.82,0,4,3,37,12.33,0,75.0%,9.25,0,0,,0,0,0,,0,0,,,0,0,,0,0,0,,0,,0,0,0.0,0,0,0,0,0,1,1,0,0,0,0,40,82%,0,0%,0,0%,
